昨收价,时间,最新价,涨跌幅(%),成交量(手),操作,交易类型
30.3,09:15:02,30.47,0.5610561056105549,17,0,4
30.3,09:15:05,29.9,-1.320132013201327,873,0,4
30.3,09:15:08,29.9,-1.320132013201327,1743,0,4
30.3,09:15:11,29.9,-1.320132013201327,2619,0,4
30.3,09:15:14,29.98,-1.056105610561057,2648,0,4
30.3,09:15:17,30.0,-0.9900990099009923,2772,0,4
30.3,09:15:20,30.02,-0.9240924092409277,2840,0,4
30.3,09:15:23,30.06,-0.7920792079207987,2870,0,4
30.3,09:15:26,30.15,-0.4950495049505021,2904,0,4
30.3,09:15:29,30.15,-0.4950495049505021,2922,0,4
30.3,09:15:38,30.15,-0.4950495049505021,2923,0,4
30.3,09:15:41,30.2,-0.3300330033003347,2923,0,4
30.3,09:15:47,30.2,-0.3300330033003347,2965,0,4
30.3,09:15:50,30.2,-0.3300330033003347,3009,0,4
30.3,09:15:59,30.2,-0.3300330033003347,3042,0,4
30.3,09:16:02,30.2,-0.3300330033003347,3042,0,4
30.3,09:16:05,30.2,-0.3300330033003347,3042,0,4
30.3,09:16:08,30.2,-0.3300330033003347,3042,0,4
30.3,09:16:11,30.2,-0.3300330033003347,3044,0,4
30.3,09:16:17,30.2,-0.3300330033003347,3044,0,4
30.3,09:16:20,30.2,-0.3300330033003347,3042,0,4
30.3,09:16:23,30.2,-0.3300330033003347,3051,0,4
30.3,09:16:26,30.2,-0.3300330033003347,3052,0,4
30.3,09:16:29,30.2,-0.3300330033003347,3052,0,4
30.3,09:16:32,30.2,-0.3300330033003347,3056,0,4
30.3,09:16:35,30.18,-0.39603960396039933,3003,0,4
30.3,09:16:38,30.18,-0.39603960396039933,3003,0,4
30.3,09:16:41,30.2,-0.3300330033003347,3019,0,4
30.3,09:16:44,30.2,-0.3300330033003347,3028,0,4
30.3,09:16:47,30.18,-0.39603960396039933,3054,0,4
30.3,09:16:50,30.2,-0.3300330033003347,3181,0,4
30.3,09:16:53,30.2,-0.3300330033003347,3181,0,4
30.3,09:16:56,30.2,-0.3300330033003347,3283,0,4
30.3,09:16:59,30.2,-0.3300330033003347,3283,0,4
30.3,09:17:02,30.2,-0.3300330033003347,3316,0,4
30.3,09:17:05,30.2,-0.3300330033003347,3477,0,4
30.3,09:17:08,30.2,-0.3300330033003347,3316,0,4
30.3,09:17:11,30.2,-0.3300330033003347,3477,0,4
30.3,09:17:14,30.2,-0.3300330033003347,3338,0,4
30.3,09:17:17,30.2,-0.3300330033003347,3372,0,4
30.3,09:17:20,30.2,-0.3300330033003347,3373,0,4
30.3,09:17:23,30.2,-0.3300330033003347,3383,0,4
30.3,09:17:26,30.2,-0.3300330033003347,3391,0,4
30.3,09:17:29,30.2,-0.3300330033003347,3391,0,4
30.3,09:17:32,30.2,-0.3300330033003347,3398,0,4
30.3,09:17:35,30.2,-0.3300330033003347,3398,0,4
30.3,09:17:38,30.2,-0.3300330033003347,3398,0,4
30.3,09:17:41,30.2,-0.3300330033003347,3408,0,4
30.3,09:17:44,30.2,-0.3300330033003347,3408,0,4
30.3,09:17:47,30.2,-0.3300330033003347,3413,0,4
30.3,09:17:50,30.2,-0.3300330033003347,3408,0,4
30.3,09:17:53,30.2,-0.3300330033003347,3413,0,4
30.3,09:17:56,30.2,-0.3300330033003347,3413,0,4
30.3,09:17:59,30.2,-0.3300330033003347,3419,0,4
30.3,09:18:02,30.2,-0.3300330033003347,3419,0,4
30.3,09:18:05,30.2,-0.3300330033003347,3419,0,4
30.3,09:18:08,30.2,-0.3300330033003347,3429,0,4
30.3,09:18:11,30.2,-0.3300330033003347,2834,0,4
30.3,09:18:20,30.2,-0.3300330033003347,2849,0,4
30.3,09:18:23,30.2,-0.3300330033003347,2866,0,4
30.3,09:18:26,30.2,-0.3300330033003347,2852,0,4
30.3,09:18:29,30.2,-0.3300330033003347,2852,0,4
30.3,09:18:32,30.2,-0.3300330033003347,2867,0,4
30.3,09:18:35,30.2,-0.3300330033003347,2867,0,4
30.3,09:18:38,30.2,-0.3300330033003347,3006,0,4
30.3,09:18:41,30.2,-0.3300330033003347,3007,0,4
30.3,09:18:44,30.2,-0.3300330033003347,3038,0,4
30.3,09:18:47,30.2,-0.3300330033003347,3057,0,4
30.3,09:18:50,30.2,-0.3300330033003347,3090,0,4
30.3,09:18:53,30.2,-0.3300330033003347,3092,0,4
30.3,09:18:56,30.2,-0.3300330033003347,3092,0,4
30.3,09:18:59,30.2,-0.3300330033003347,3097,0,4
30.3,09:19:02,30.2,-0.3300330033003347,3115,0,4
30.3,09:19:05,30.2,-0.3300330033003347,3115,0,4
30.3,09:19:11,30.2,-0.3300330033003347,3097,0,4
30.3,09:19:14,30.2,-0.3300330033003347,3098,0,4
30.3,09:19:17,30.2,-0.3300330033003347,3099,0,4
30.3,09:19:20,30.2,-0.3300330033003347,3099,0,4
30.3,09:19:23,30.2,-0.3300330033003347,3099,0,4
30.3,09:19:26,30.2,-0.3300330033003347,3099,0,4
30.3,09:19:29,30.2,-0.3300330033003347,3312,0,4
30.3,09:19:32,30.2,-0.3300330033003347,3338,0,4
30.3,09:19:35,30.2,-0.3300330033003347,3339,0,4
30.3,09:19:38,30.2,-0.3300330033003347,3350,0,4
30.3,09:19:41,30.2,-0.3300330033003347,3390,0,4
30.3,09:19:44,30.2,-0.3300330033003347,3390,0,4
30.3,09:19:47,30.2,-0.3300330033003347,3390,0,4
30.3,09:19:50,30.2,-0.3300330033003347,3392,0,4
30.3,09:19:53,30.2,-0.3300330033003347,3334,0,4
30.3,09:19:56,30.2,-0.3300330033003347,3334,0,4
30.3,09:19:59,30.2,-0.3300330033003347,3337,0,4
30.3,09:20:02,30.2,-0.3300330033003347,3339,0,4
30.3,09:20:05,30.2,-0.3300330033003347,3573,0,4
30.3,09:20:08,30.2,-0.3300330033003347,3709,0,4
30.3,09:20:11,30.2,-0.3300330033003347,3773,0,4
30.3,09:20:14,30.2,-0.3300330033003347,3784,0,4
30.3,09:20:17,30.2,-0.3300330033003347,3786,0,4
30.3,09:20:20,30.2,-0.3300330033003347,3787,0,4
30.3,09:20:23,30.2,-0.3300330033003347,3864,0,4
30.3,09:20:26,30.2,-0.3300330033003347,3893,0,4
30.3,09:20:29,30.2,-0.3300330033003347,3910,0,4
30.3,09:20:32,30.2,-0.3300330033003347,3925,0,4
30.3,09:20:35,30.2,-0.3300330033003347,4127,0,4
30.3,09:20:38,30.2,-0.3300330033003347,4132,0,4
30.3,09:20:41,30.2,-0.3300330033003347,4328,0,4
30.3,09:20:44,30.2,-0.3300330033003347,4343,0,4
30.3,09:20:47,30.2,-0.3300330033003347,4350,0,4
30.3,09:20:50,30.2,-0.3300330033003347,4351,0,4
30.3,09:20:53,30.2,-0.3300330033003347,4351,0,4
30.3,09:20:56,30.2,-0.3300330033003347,4364,0,4
30.3,09:20:59,30.2,-0.3300330033003347,4387,0,4
30.3,09:21:02,30.2,-0.3300330033003347,4390,0,4
30.3,09:21:05,30.2,-0.3300330033003347,4487,0,4
30.3,09:21:08,30.2,-0.3300330033003347,5179,0,4
30.3,09:21:11,30.2,-0.3300330033003347,5256,0,4
30.3,09:21:14,30.2,-0.3300330033003347,5262,0,4
30.3,09:21:17,30.2,-0.3300330033003347,5274,0,4
30.3,09:21:20,30.2,-0.3300330033003347,5291,0,4
30.3,09:21:23,30.2,-0.3300330033003347,5291,0,4
30.3,09:21:26,30.2,-0.3300330033003347,5541,0,4
30.3,09:21:29,30.2,-0.3300330033003347,5576,0,4
30.3,09:21:32,30.2,-0.3300330033003347,5581,0,4
30.3,09:21:35,30.2,-0.3300330033003347,5624,0,4
30.3,09:21:38,30.2,-0.3300330033003347,5624,0,4
30.3,09:21:41,30.2,-0.3300330033003347,5637,0,4
30.3,09:21:44,30.2,-0.3300330033003347,5639,0,4
30.3,09:21:47,30.2,-0.3300330033003347,5748,0,4
30.3,09:21:50,30.2,-0.3300330033003347,5764,0,4
30.3,09:21:53,30.2,-0.3300330033003347,5772,0,4
30.3,09:21:56,30.2,-0.3300330033003347,5784,0,4
30.3,09:21:59,30.2,-0.3300330033003347,5845,0,4
30.3,09:22:02,30.2,-0.3300330033003347,5887,0,4
30.3,09:22:05,30.2,-0.3300330033003347,6052,0,4
30.3,09:22:08,30.2,-0.3300330033003347,7112,0,4
30.3,09:22:11,30.2,-0.3300330033003347,7299,0,4
30.3,09:22:14,30.2,-0.3300330033003347,7309,0,4
30.3,09:22:17,30.2,-0.3300330033003347,7492,0,4
30.3,09:22:20,30.2,-0.3300330033003347,7527,0,4
30.3,09:22:23,30.2,-0.3300330033003347,7533,0,4
30.3,09:22:26,30.2,-0.3300330033003347,7673,0,4
30.3,09:22:29,30.2,-0.3300330033003347,7690,0,4
30.3,09:22:32,30.2,-0.3300330033003347,7800,0,4
30.3,09:22:35,30.2,-0.3300330033003347,7878,0,4
30.3,09:22:38,30.2,-0.3300330033003347,7942,0,4
30.3,09:22:41,30.2,-0.3300330033003347,7995,0,4
30.3,09:22:44,30.2,-0.3300330033003347,8010,0,4
30.3,09:22:47,30.2,-0.3300330033003347,8209,0,4
30.3,09:22:50,30.2,-0.3300330033003347,8236,0,4
30.3,09:22:53,30.2,-0.3300330033003347,8375,0,4
30.3,09:22:56,30.2,-0.3300330033003347,8458,0,4
30.3,09:22:59,30.2,-0.3300330033003347,8565,0,4
30.3,09:23:02,30.2,-0.3300330033003347,8565,0,4
30.3,09:23:05,30.2,-0.3300330033003347,8670,0,4
30.3,09:23:08,30.2,-0.3300330033003347,8672,0,4
30.3,09:23:11,30.2,-0.3300330033003347,8704,0,4
30.3,09:23:14,30.2,-0.3300330033003347,8776,0,4
30.3,09:23:17,30.2,-0.3300330033003347,8952,0,4
30.3,09:23:20,30.2,-0.3300330033003347,9158,0,4
30.3,09:23:23,30.2,-0.3300330033003347,9204,0,4
30.3,09:23:26,30.2,-0.3300330033003347,9325,0,4
30.3,09:23:29,30.2,-0.3300330033003347,9818,0,4
30.3,09:23:32,30.2,-0.3300330033003347,9962,0,4
30.3,09:23:35,30.2,-0.3300330033003347,9972,0,4
30.3,09:23:38,30.2,-0.3300330033003347,10094,0,4
30.3,09:23:41,30.2,-0.3300330033003347,10117,0,4
30.3,09:23:44,30.2,-0.3300330033003347,10129,0,4
30.3,09:23:47,30.2,-0.3300330033003347,10149,0,4
30.3,09:23:50,30.2,-0.3300330033003347,10318,0,4
30.3,09:23:53,30.2,-0.3300330033003347,12234,0,4
30.3,09:23:56,30.2,-0.3300330033003347,12412,0,4
30.3,09:23:59,30.2,-0.3300330033003347,12497,0,4
30.3,09:24:02,30.2,-0.3300330033003347,12697,0,4
30.3,09:24:05,30.2,-0.3300330033003347,13315,0,4
30.3,09:24:08,30.2,-0.3300330033003347,13715,0,4
30.3,09:24:11,30.2,-0.3300330033003347,13984,0,4
30.3,09:24:14,30.2,-0.3300330033003347,14161,0,4
30.3,09:24:17,30.2,-0.3300330033003347,14377,0,4
30.3,09:24:20,30.2,-0.3300330033003347,14932,0,4
30.3,09:24:23,30.2,-0.3300330033003347,15189,0,4
30.3,09:24:26,30.2,-0.3300330033003347,15226,0,4
30.3,09:24:29,30.2,-0.3300330033003347,15304,0,4
30.3,09:24:32,30.2,-0.3300330033003347,15317,0,4
30.3,09:24:35,30.2,-0.3300330033003347,15326,0,4
30.3,09:24:38,30.2,-0.3300330033003347,15423,0,4
30.3,09:24:41,30.2,-0.3300330033003347,15477,0,4
30.3,09:24:44,30.2,-0.3300330033003347,15580,0,4
30.3,09:24:47,30.19,-0.36303630363036116,15826,0,4
30.3,09:24:50,30.19,-0.36303630363036116,16068,0,4
30.3,09:24:53,30.19,-0.36303630363036116,19560,0,4
30.3,09:24:56,30.19,-0.36303630363036116,19822,0,4
30.3,09:24:59,30.19,-0.36303630363036116,20795,0,4
30.3,09:25:02,30.19,-0.36303630363036116,20924,1112,2
30.3,09:30:02,30.19,-0.36303630363036116,1073,88,2
30.3,09:30:05,30.18,-0.39603960396039933,1753,141,1
30.3,09:30:08,30.16,-0.46204620462046386,1240,103,1
30.3,09:30:11,30.15,-0.4950495049505021,2993,196,1
30.3,09:30:14,30.18,-0.39603960396039933,1600,122,2
30.3,09:30:17,30.15,-0.4950495049505021,1441,141,1
30.3,09:30:20,30.14,-0.5280528052805284,1358,101,1
30.3,09:30:23,30.15,-0.4950495049505021,742,87,2
30.3,09:30:26,30.15,-0.4950495049505021,1336,121,2
30.3,09:30:29,30.15,-0.4950495049505021,2941,257,2
30.3,09:30:32,30.13,-0.5610561056105667,2814,217,1
30.3,09:30:35,30.15,-0.4950495049505021,2211,202,2
30.3,09:30:38,30.14,-0.5280528052805284,3089,259,1
30.3,09:30:41,30.15,-0.4950495049505021,4334,195,2
30.3,09:30:44,30.17,-0.42904290429042574,2300,234,2
30.3,09:30:47,30.17,-0.42904290429042574,2384,212,1
30.3,09:30:50,30.15,-0.4950495049505021,3062,204,1
30.3,09:30:53,30.15,-0.4950495049505021,529,81,1
30.3,09:30:56,30.15,-0.4950495049505021,987,106,1
30.3,09:30:59,30.16,-0.46204620462046386,679,94,2
30.3,09:31:02,30.17,-0.42904290429042574,886,64,2
30.3,09:31:05,30.2,-0.3300330033003347,1638,72,2
30.3,09:31:08,30.18,-0.39603960396039933,1046,124,1
30.3,09:31:11,30.18,-0.39603960396039933,592,52,1
30.3,09:31:14,30.2,-0.3300330033003347,1633,113,2
30.3,09:31:17,30.2,-0.3300330033003347,597,49,1
30.3,09:31:20,30.22,-0.2640264026402701,520,71,2
30.3,09:31:23,30.22,-0.2640264026402701,339,27,1
30.3,09:31:26,30.22,-0.2640264026402701,1160,72,2
30.3,09:31:29,30.22,-0.2640264026402701,1292,117,2
30.3,09:31:32,30.21,-0.29702970297029657,604,85,1
30.3,09:31:35,30.21,-0.29702970297029657,623,50,2
30.3,09:31:38,30.2,-0.3300330033003347,837,78,1
30.3,09:31:41,30.2,-0.3300330033003347,530,68,2
30.3,09:31:44,30.18,-0.39603960396039933,1339,149,1
30.3,09:31:47,30.19,-0.36303630363036116,1593,78,2
30.3,09:31:50,30.19,-0.36303630363036116,380,27,2
30.3,09:31:53,30.18,-0.39603960396039933,1018,71,1
30.3,09:31:56,30.19,-0.36303630363036116,569,42,2
30.3,09:31:59,30.19,-0.36303630363036116,617,51,2
30.3,09:32:02,30.2,-0.3300330033003347,1255,103,2
30.3,09:32:05,30.2,-0.3300330033003347,275,42,2
30.3,09:32:08,30.19,-0.36303630363036116,1040,75,1
30.3,09:32:11,30.2,-0.3300330033003347,2075,79,2
30.3,09:32:14,30.2,-0.3300330033003347,475,26,1
30.3,09:32:17,30.21,-0.29702970297029657,694,20,2
30.3,09:32:20,30.2,-0.3300330033003347,524,36,1
30.3,09:32:23,30.21,-0.29702970297029657,330,37,2
30.3,09:32:26,30.2,-0.3300330033003347,1415,77,1
30.3,09:32:29,30.2,-0.3300330033003347,956,92,1
30.3,09:32:32,30.2,-0.3300330033003347,653,77,2
30.3,09:32:35,30.21,-0.29702970297029657,1248,90,2
30.3,09:32:38,30.2,-0.3300330033003347,1777,58,1
30.3,09:32:41,30.2,-0.3300330033003347,1016,61,2
30.3,09:32:44,30.2,-0.3300330033003347,1022,127,2
30.3,09:32:47,30.21,-0.29702970297029657,1478,96,2
30.3,09:32:50,30.2,-0.3300330033003347,434,21,1
30.3,09:32:53,30.2,-0.3300330033003347,1189,69,1
30.3,09:32:56,30.21,-0.29702970297029657,589,82,2
30.3,09:32:59,30.2,-0.3300330033003347,1307,84,1
30.3,09:33:02,30.2,-0.3300330033003347,925,61,2
30.3,09:33:05,30.21,-0.29702970297029657,4242,144,2
30.3,09:33:08,30.21,-0.29702970297029657,353,31,2
30.3,09:33:11,30.2,-0.3300330033003347,383,31,1
30.3,09:33:14,30.2,-0.3300330033003347,1157,102,1
30.3,09:33:17,30.19,-0.36303630363036116,1169,110,1
30.3,09:33:20,30.2,-0.3300330033003347,194,33,2
30.3,09:33:23,30.2,-0.3300330033003347,815,47,2
30.3,09:33:26,30.19,-0.36303630363036116,1144,84,1
30.3,09:33:29,30.18,-0.39603960396039933,4059,298,1
30.3,09:33:32,30.15,-0.4950495049505021,4759,309,1
30.3,09:33:35,30.15,-0.4950495049505021,5486,408,1
30.3,09:33:38,30.14,-0.5280528052805284,753,92,1
30.3,09:33:41,30.12,-0.5940594059405931,2105,87,1
30.3,09:33:44,30.12,-0.5940594059405931,928,80,1
30.3,09:33:47,30.14,-0.5280528052805284,1035,128,2
30.3,09:33:50,30.14,-0.5280528052805284,466,52,2
30.3,09:33:53,30.16,-0.46204620462046386,993,120,2
30.3,09:33:56,30.14,-0.5280528052805284,285,53,1
30.3,09:33:59,30.16,-0.46204620462046386,1248,89,2
30.3,09:34:02,30.16,-0.46204620462046386,1134,75,2
30.3,09:34:05,30.15,-0.4950495049505021,747,51,1
30.3,09:34:08,30.15,-0.4950495049505021,514,38,1
30.3,09:34:11,30.16,-0.46204620462046386,438,52,2
30.3,09:34:14,30.15,-0.4950495049505021,1927,116,1
30.3,09:34:17,30.15,-0.4950495049505021,850,81,2
30.3,09:34:20,30.15,-0.4950495049505021,413,66,2
30.3,09:34:23,30.15,-0.4950495049505021,1125,90,2
30.3,09:34:26,30.15,-0.4950495049505021,328,54,2
30.3,09:34:29,30.15,-0.4950495049505021,766,77,1
30.3,09:34:32,30.14,-0.5280528052805284,2070,107,1
30.3,09:34:35,30.14,-0.5280528052805284,533,61,1
30.3,09:34:38,30.14,-0.5280528052805284,1401,141,1
30.3,09:34:41,30.13,-0.5610561056105667,970,68,1
30.3,09:34:44,30.13,-0.5610561056105667,694,58,1
30.3,09:34:47,30.14,-0.5280528052805284,1019,66,2
30.3,09:34:50,30.14,-0.5280528052805284,1004,59,1
30.3,09:34:53,30.14,-0.5280528052805284,1460,84,2
30.3,09:34:56,30.15,-0.4950495049505021,851,93,2
30.3,09:34:59,30.14,-0.5280528052805284,636,68,1
30.3,09:35:02,30.15,-0.4950495049505021,313,45,2
30.3,09:35:05,30.14,-0.5280528052805284,2040,173,1
30.3,09:35:08,30.13,-0.5610561056105667,922,108,1
30.3,09:35:11,30.13,-0.5610561056105667,2649,120,2
30.3,09:35:14,30.13,-0.5610561056105667,1095,91,2
30.3,09:35:17,30.12,-0.5940594059405931,2524,208,1
30.3,09:35:20,30.12,-0.5940594059405931,754,50,2
30.3,09:35:23,30.12,-0.5940594059405931,1642,96,2
30.3,09:35:26,30.12,-0.5940594059405931,881,87,2
30.3,09:35:29,30.11,-0.6270627062706312,1099,80,1
30.3,09:35:32,30.12,-0.5940594059405931,2054,150,2
30.3,09:35:35,30.11,-0.6270627062706312,887,93,1
30.3,09:35:38,30.1,-0.6600660066006577,798,79,1
30.3,09:35:41,30.11,-0.6270627062706312,609,62,2
30.3,09:35:44,30.11,-0.6270627062706312,2816,124,2
30.3,09:35:47,30.11,-0.6270627062706312,3199,425,1
30.3,09:35:50,30.13,-0.5610561056105667,1393,276,2
30.3,09:35:53,30.12,-0.5940594059405931,857,98,1
30.3,09:35:56,30.11,-0.6270627062706312,618,50,1
30.3,09:35:59,30.12,-0.5940594059405931,711,220,2
30.3,09:36:02,30.13,-0.5610561056105667,2269,484,2
30.3,09:36:05,30.13,-0.5610561056105667,371,45,1
30.3,09:36:08,30.13,-0.5610561056105667,511,66,1
30.3,09:36:11,30.13,-0.5610561056105667,317,45,1
30.3,09:36:14,30.13,-0.5610561056105667,711,53,2
30.3,09:36:17,30.13,-0.5610561056105667,393,85,1
30.3,09:36:20,30.14,-0.5280528052805284,382,57,2
30.3,09:36:23,30.13,-0.5610561056105667,925,156,1
30.3,09:36:26,30.12,-0.5940594059405931,1009,71,1
30.3,09:36:29,30.12,-0.5940594059405931,392,44,1
30.3,09:36:32,30.14,-0.5280528052805284,1888,482,2
30.3,09:36:35,30.13,-0.5610561056105667,953,223,1
30.3,09:36:38,30.15,-0.4950495049505021,165,25,2
30.3,09:36:41,30.14,-0.5280528052805284,323,90,1
30.3,09:36:44,30.14,-0.5280528052805284,1161,250,1
30.3,09:36:47,30.14,-0.5280528052805284,597,196,2
30.3,09:36:50,30.14,-0.5280528052805284,269,51,1
30.3,09:36:53,30.14,-0.5280528052805284,121,28,1
30.3,09:36:56,30.14,-0.5280528052805284,485,65,1
30.3,09:36:59,30.14,-0.5280528052805284,803,147,2
30.3,09:37:02,30.14,-0.5280528052805284,351,55,2
30.3,09:37:05,30.14,-0.5280528052805284,281,50,2
30.3,09:37:08,30.13,-0.5610561056105667,393,41,1
30.3,09:37:11,30.13,-0.5610561056105667,4140,295,1
30.3,09:37:14,30.12,-0.5940594059405931,281,56,1
30.3,09:37:17,30.12,-0.5940594059405931,988,43,1
30.3,09:37:20,30.12,-0.5940594059405931,1786,119,1
30.3,09:37:23,30.11,-0.6270627062706312,7336,329,1
30.3,09:37:26,30.11,-0.6270627062706312,894,142,2
30.3,09:37:29,30.1,-0.6600660066006577,475,59,1
30.3,09:37:32,30.1,-0.6600660066006577,5497,539,1
30.3,09:37:35,30.1,-0.6600660066006577,1238,203,1
30.3,09:37:38,30.09,-0.6930693069306959,1517,118,1
30.3,09:37:41,30.09,-0.6930693069306959,494,74,1
30.3,09:37:44,30.1,-0.6600660066006577,1845,90,2
30.3,09:37:47,30.1,-0.6600660066006577,1422,160,2
30.3,09:37:50,30.1,-0.6600660066006577,4089,603,2
30.3,09:37:53,30.1,-0.6600660066006577,2960,219,1
30.3,09:37:56,30.09,-0.6930693069306959,835,60,1
30.3,09:37:59,30.1,-0.6600660066006577,928,82,2
30.3,09:38:02,30.1,-0.6600660066006577,787,46,1
30.3,09:38:05,30.09,-0.6930693069306959,1665,64,1
30.3,09:38:08,30.1,-0.6600660066006577,282,30,2
30.3,09:38:11,30.09,-0.6930693069306959,1028,49,1
30.3,09:38:14,30.09,-0.6930693069306959,1480,69,1
30.3,09:38:17,30.09,-0.6930693069306959,2933,141,1
30.3,09:38:20,30.09,-0.6930693069306959,540,41,2
30.3,09:38:23,30.08,-0.7260726072607341,978,71,1
30.3,09:38:26,30.08,-0.7260726072607341,1304,94,1
30.3,09:38:29,30.08,-0.7260726072607341,2457,281,1
30.3,09:38:32,30.08,-0.7260726072607341,677,85,1
30.3,09:38:35,30.08,-0.7260726072607341,1341,136,1
30.3,09:38:38,30.07,-0.7590759075907605,2045,111,1
30.3,09:38:41,30.07,-0.7590759075907605,3185,171,1
30.3,09:38:44,30.07,-0.7590759075907605,1263,103,2
30.3,09:38:47,30.07,-0.7590759075907605,691,54,2
30.3,09:38:50,30.07,-0.7590759075907605,728,73,2
30.3,09:38:53,30.07,-0.7590759075907605,1182,93,2
30.3,09:38:56,30.05,-0.825082508250825,9790,455,1
30.3,09:38:59,30.05,-0.825082508250825,850,114,2
30.3,09:39:02,30.04,-0.8580858085808633,927,93,1
30.3,09:39:05,30.05,-0.825082508250825,754,79,2
30.3,09:39:08,30.05,-0.825082508250825,1967,82,2
30.3,09:39:11,30.05,-0.825082508250825,364,47,2
30.3,09:39:14,30.06,-0.7920792079207987,941,109,2
30.3,09:39:17,30.05,-0.825082508250825,701,92,1
30.3,09:39:20,30.05,-0.825082508250825,344,36,1
30.3,09:39:23,30.06,-0.7920792079207987,638,58,2
30.3,09:39:26,30.05,-0.825082508250825,2781,348,1
30.3,09:39:29,30.06,-0.7920792079207987,1847,248,2
30.3,09:39:32,30.07,-0.7590759075907605,800,51,2
30.3,09:39:35,30.06,-0.7920792079207987,386,67,1
30.3,09:39:38,30.07,-0.7590759075907605,346,53,2
30.3,09:39:41,30.06,-0.7920792079207987,741,71,1
30.3,09:39:44,30.06,-0.7920792079207987,782,86,1
30.3,09:39:47,30.07,-0.7590759075907605,182,26,2
30.3,09:39:50,30.08,-0.7260726072607341,753,172,2
30.3,09:39:53,30.09,-0.6930693069306959,1107,226,2
30.3,09:39:56,30.08,-0.7260726072607341,476,35,1
30.3,09:39:59,30.09,-0.6930693069306959,303,54,2
30.3,09:40:02,30.1,-0.6600660066006577,312,45,2
30.3,09:40:05,30.1,-0.6600660066006577,518,44,2
30.3,09:40:08,30.09,-0.6930693069306959,580,74,1
30.3,09:40:11,30.09,-0.6930693069306959,668,50,1
30.3,09:40:14,30.08,-0.7260726072607341,584,75,1
30.3,09:40:17,30.08,-0.7260726072607341,213,38,2
30.3,09:40:20,30.07,-0.7590759075907605,450,72,1
30.3,09:40:23,30.08,-0.7260726072607341,894,64,2
30.3,09:40:26,30.08,-0.7260726072607341,644,37,1
30.3,09:40:29,30.08,-0.7260726072607341,430,44,1
30.3,09:40:32,30.09,-0.6930693069306959,468,49,2
30.3,09:40:35,30.09,-0.6930693069306959,241,37,2
30.3,09:40:38,30.08,-0.7260726072607341,275,14,1
30.3,09:40:41,30.09,-0.6930693069306959,1349,68,2
30.3,09:40:44,30.11,-0.6270627062706312,3111,516,2
30.3,09:40:47,30.09,-0.6930693069306959,813,123,1
30.3,09:40:50,30.11,-0.6270627062706312,371,45,2
30.3,09:40:53,30.1,-0.6600660066006577,299,73,1
30.3,09:40:56,30.12,-0.5940594059405931,279,60,2
30.3,09:40:59,30.12,-0.5940594059405931,495,74,2
30.3,09:41:02,30.11,-0.6270627062706312,395,49,1
30.3,09:41:05,30.11,-0.6270627062706312,264,34,1
30.3,09:41:08,30.09,-0.6930693069306959,1272,94,1
30.3,09:41:11,30.09,-0.6930693069306959,521,42,2
30.3,09:41:14,30.08,-0.7260726072607341,323,29,1
30.3,09:41:17,30.09,-0.6930693069306959,805,59,2
30.3,09:41:20,30.09,-0.6930693069306959,978,76,2
30.3,09:41:23,30.1,-0.6600660066006577,1282,162,2
30.3,09:41:26,30.1,-0.6600660066006577,461,127,2
30.3,09:41:29,30.09,-0.6930693069306959,527,121,1
30.3,09:41:32,30.09,-0.6930693069306959,347,31,1
30.3,09:41:35,30.09,-0.6930693069306959,948,42,1
30.3,09:41:38,30.09,-0.6930693069306959,374,38,2
30.3,09:41:41,30.08,-0.7260726072607341,1294,168,1
30.3,09:41:44,30.08,-0.7260726072607341,877,89,2
30.3,09:41:47,30.08,-0.7260726072607341,1320,170,2
30.3,09:41:50,30.08,-0.7260726072607341,1256,95,2
30.3,09:41:53,30.08,-0.7260726072607341,1145,40,2
30.3,09:41:56,30.07,-0.7590759075907605,981,84,1
30.3,09:41:59,30.07,-0.7590759075907605,858,286,1
30.3,09:42:02,30.06,-0.7920792079207987,2392,198,1
30.3,09:42:05,30.08,-0.7260726072607341,1191,77,2
30.3,09:42:08,30.08,-0.7260726072607341,445,43,1
30.3,09:42:11,30.08,-0.7260726072607341,415,44,1
30.3,09:42:14,30.08,-0.7260726072607341,513,77,2
30.3,09:42:17,30.09,-0.6930693069306959,859,331,2
30.3,09:42:20,30.09,-0.6930693069306959,1545,315,2
30.3,09:42:23,30.09,-0.6930693069306959,1119,180,2
30.3,09:42:26,30.09,-0.6930693069306959,461,145,2
30.3,09:42:29,30.09,-0.6930693069306959,781,316,2
30.3,09:42:32,30.09,-0.6930693069306959,529,48,1
30.3,09:42:35,30.09,-0.6930693069306959,634,161,1
30.3,09:42:38,30.08,-0.7260726072607341,340,61,1
30.3,09:42:41,30.09,-0.6930693069306959,190,21,2
30.3,09:42:44,30.1,-0.6600660066006577,331,58,2
30.3,09:42:47,30.1,-0.6600660066006577,752,115,2
30.3,09:42:50,30.09,-0.6930693069306959,2190,166,1
30.3,09:42:53,30.09,-0.6930693069306959,867,94,2
30.3,09:42:56,30.09,-0.6930693069306959,345,74,2
30.3,09:42:59,30.08,-0.7260726072607341,913,64,1
30.3,09:43:02,30.08,-0.7260726072607341,771,51,2
30.3,09:43:05,30.08,-0.7260726072607341,423,46,2
30.3,09:43:08,30.08,-0.7260726072607341,574,107,2
30.3,09:43:11,30.07,-0.7590759075907605,1801,143,1
30.3,09:43:14,30.06,-0.7920792079207987,2217,202,1
30.3,09:43:17,30.06,-0.7920792079207987,827,87,1
30.3,09:43:20,30.06,-0.7920792079207987,432,40,2
30.3,09:43:23,30.06,-0.7920792079207987,463,60,2
30.3,09:43:26,30.06,-0.7920792079207987,942,43,2
30.3,09:43:29,30.06,-0.7920792079207987,1038,40,1
30.3,09:43:32,30.06,-0.7920792079207987,490,13,1
30.3,09:43:35,30.07,-0.7590759075907605,340,40,2
30.3,09:43:38,30.05,-0.825082508250825,2746,149,1
30.3,09:43:41,30.07,-0.7590759075907605,1438,165,2
30.3,09:43:44,30.06,-0.7920792079207987,1345,164,2
30.3,09:43:47,30.05,-0.825082508250825,4703,379,1
30.3,09:43:50,30.05,-0.825082508250825,2880,230,2
30.3,09:43:53,30.05,-0.825082508250825,1273,65,2
30.3,09:43:56,30.04,-0.8580858085808633,418,46,1
30.3,09:43:59,30.04,-0.8580858085808633,940,52,2
30.3,09:44:02,30.03,-0.8910891089108897,7726,389,1
30.3,09:44:05,30.02,-0.9240924092409277,3274,254,1
30.3,09:44:08,30.01,-0.9570957095709542,934,115,1
30.3,09:44:11,30.01,-0.9570957095709542,3525,216,1
30.3,09:44:14,30.01,-0.9570957095709542,2346,150,1
30.3,09:44:17,30.01,-0.9570957095709542,1718,97,2
30.3,09:44:20,30.01,-0.9570957095709542,1442,146,2
30.3,09:44:23,30.02,-0.9240924092409277,6966,450,2
30.3,09:44:26,30.01,-0.9570957095709542,547,44,1
30.3,09:44:29,30.01,-0.9570957095709542,829,126,1
30.3,09:44:32,30.02,-0.9240924092409277,1682,80,2
30.3,09:44:35,30.03,-0.8910891089108897,601,95,2
30.3,09:44:38,30.02,-0.9240924092409277,825,57,1
30.3,09:44:41,30.03,-0.8910891089108897,263,47,2
30.3,09:44:44,30.03,-0.8910891089108897,883,51,2
30.3,09:44:47,30.02,-0.9240924092409277,455,41,1
30.3,09:44:50,30.03,-0.8910891089108897,433,31,2
30.3,09:44:53,30.03,-0.8910891089108897,1948,124,2
30.3,09:44:56,30.03,-0.8910891089108897,1222,118,2
30.3,09:44:59,30.03,-0.8910891089108897,561,62,2
30.3,09:45:02,30.03,-0.8910891089108897,352,63,1
30.3,09:45:05,30.03,-0.8910891089108897,182,27,1
30.3,09:45:08,30.04,-0.8580858085808633,563,59,2
30.3,09:45:11,30.04,-0.8580858085808633,441,37,2
30.3,09:45:14,30.05,-0.825082508250825,918,138,2
30.3,09:45:17,30.06,-0.7920792079207987,454,61,2
30.3,09:45:20,30.06,-0.7920792079207987,210,22,2
30.3,09:45:23,30.05,-0.825082508250825,686,57,1
30.3,09:45:26,30.05,-0.825082508250825,149,22,1
30.3,09:45:29,30.06,-0.7920792079207987,148,11,1
30.3,09:45:32,30.06,-0.7920792079207987,179,9,1
30.3,09:45:35,30.07,-0.7590759075907605,804,50,2
30.3,09:45:38,30.06,-0.7920792079207987,285,57,1
30.3,09:45:41,30.06,-0.7920792079207987,611,100,1
30.3,09:45:44,30.06,-0.7920792079207987,150,46,2
30.3,09:45:47,30.05,-0.825082508250825,390,98,1
30.3,09:45:50,30.06,-0.7920792079207987,182,33,2
30.3,09:45:53,30.06,-0.7920792079207987,277,65,1
30.3,09:45:56,30.05,-0.825082508250825,405,82,1
30.3,09:45:59,30.05,-0.825082508250825,534,44,1
30.3,09:46:02,30.05,-0.825082508250825,615,37,2
30.3,09:46:05,30.05,-0.825082508250825,106,30,1
30.3,09:46:08,30.04,-0.8580858085808633,630,67,1
30.3,09:46:11,30.05,-0.825082508250825,338,50,2
30.3,09:46:14,30.04,-0.8580858085808633,143,28,1
30.3,09:46:17,30.05,-0.825082508250825,292,35,2
30.3,09:46:20,30.05,-0.825082508250825,187,26,2
30.3,09:46:23,30.04,-0.8580858085808633,198,25,1
30.3,09:46:26,30.05,-0.825082508250825,567,23,2
30.3,09:46:29,30.04,-0.8580858085808633,998,85,1
30.3,09:46:32,30.04,-0.8580858085808633,309,22,2
30.3,09:46:35,30.04,-0.8580858085808633,409,37,2
30.3,09:46:38,30.04,-0.8580858085808633,177,52,2
30.3,09:46:41,30.04,-0.8580858085808633,1842,158,2
30.3,09:46:44,30.04,-0.8580858085808633,380,47,2
30.3,09:46:47,30.03,-0.8910891089108897,241,31,1
30.3,09:46:50,30.03,-0.8910891089108897,736,41,2
30.3,09:46:53,30.02,-0.9240924092409277,244,24,1
30.3,09:46:56,30.03,-0.8910891089108897,2012,129,2
30.3,09:46:59,30.02,-0.9240924092409277,1620,67,1
30.3,09:47:02,30.02,-0.9240924092409277,533,46,2
30.3,09:47:05,30.01,-0.9570957095709542,1182,36,1
30.3,09:47:08,30.02,-0.9240924092409277,1011,41,2
30.3,09:47:11,30.01,-0.9570957095709542,238,40,1
30.3,09:47:14,30.02,-0.9240924092409277,948,180,2
30.3,09:47:17,30.01,-0.9570957095709542,1001,58,1
30.3,09:47:20,30.02,-0.9240924092409277,1188,73,2
30.3,09:47:23,30.01,-0.9570957095709542,1427,88,1
30.3,09:47:26,30.02,-0.9240924092409277,859,72,2
30.3,09:47:29,30.01,-0.9570957095709542,3051,191,1
30.3,09:47:32,30.01,-0.9570957095709542,471,81,1
30.3,09:47:35,30.01,-0.9570957095709542,2633,167,1
30.3,09:47:38,30.01,-0.9570957095709542,877,60,1
30.3,09:47:41,30.02,-0.9240924092409277,684,50,2
30.3,09:47:44,30.02,-0.9240924092409277,2367,131,2
30.3,09:47:47,30.01,-0.9570957095709542,705,32,1
30.3,09:47:50,30.02,-0.9240924092409277,1221,70,2
30.3,09:47:53,30.02,-0.9240924092409277,251,28,2
30.3,09:47:56,30.01,-0.9570957095709542,685,85,1
30.3,09:47:59,30.01,-0.9570957095709542,834,85,1
30.3,09:48:02,30.01,-0.9570957095709542,2029,147,2
30.3,09:48:05,30.01,-0.9570957095709542,311,81,2
30.3,09:48:08,30.02,-0.9240924092409277,1105,99,2
30.3,09:48:11,30.03,-0.8910891089108897,1228,99,2
30.3,09:48:14,30.04,-0.8580858085808633,508,129,2
30.3,09:48:17,30.04,-0.8580858085808633,391,25,2
30.3,09:48:20,30.04,-0.8580858085808633,496,82,2
30.3,09:48:23,30.04,-0.8580858085808633,268,40,2
30.3,09:48:26,30.05,-0.825082508250825,392,35,2
30.3,09:48:29,30.05,-0.825082508250825,262,13,2
30.3,09:48:32,30.04,-0.8580858085808633,318,39,1
30.3,09:48:35,30.04,-0.8580858085808633,1174,64,1
30.3,09:48:38,30.04,-0.8580858085808633,647,58,1
30.3,09:48:41,30.04,-0.8580858085808633,219,35,2
30.3,09:48:44,30.04,-0.8580858085808633,500,47,2
30.3,09:48:47,30.04,-0.8580858085808633,569,80,2
30.3,09:48:50,30.03,-0.8910891089108897,1490,134,1
30.3,09:48:53,30.03,-0.8910891089108897,10179,141,1
30.3,09:48:56,30.03,-0.8910891089108897,95,23,2
30.3,09:48:59,30.02,-0.9240924092409277,235,32,1
30.3,09:49:02,30.02,-0.9240924092409277,413,25,1
30.3,09:49:05,30.03,-0.8910891089108897,1617,60,2
30.3,09:49:08,30.02,-0.9240924092409277,4963,107,1
30.3,09:49:11,30.02,-0.9240924092409277,1020,87,2
30.3,09:49:14,30.01,-0.9570957095709542,233,42,1
30.3,09:49:17,30.02,-0.9240924092409277,1767,84,2
30.3,09:49:20,30.01,-0.9570957095709542,5649,358,1
30.3,09:49:23,30.01,-0.9570957095709542,511,66,2
30.3,09:49:26,30.0,-0.9900990099009923,758,64,1
30.3,09:49:29,30.0,-0.9900990099009923,965,99,1
30.3,09:49:32,30.0,-0.9900990099009923,4830,482,1
30.3,09:49:35,30.0,-0.9900990099009923,9650,1045,1
30.3,09:49:38,29.99,-1.0231023102310306,1393,143,1
30.3,09:49:41,29.99,-1.0231023102310306,868,117,1
30.3,09:49:44,29.99,-1.0231023102310306,562,74,2
30.3,09:49:47,29.98,-1.056105610561057,680,48,1
30.3,09:49:50,29.98,-1.056105610561057,2681,186,1
30.3,09:49:53,29.98,-1.056105610561057,1117,115,1
30.3,09:49:56,29.99,-1.0231023102310306,921,109,2
30.3,09:49:59,29.97,-1.0891089108910952,1906,154,1
30.3,09:50:02,29.96,-1.1221122112211217,639,102,1
30.3,09:50:05,29.97,-1.0891089108910952,422,45,2
30.3,09:50:08,29.97,-1.0891089108910952,1337,146,2
30.3,09:50:11,29.97,-1.0891089108910952,550,63,2
30.3,09:50:14,29.97,-1.0891089108910952,724,87,2
30.3,09:50:17,29.97,-1.0891089108910952,980,70,2
30.3,09:50:20,29.97,-1.0891089108910952,1316,114,2
30.3,09:50:23,29.99,-1.0231023102310306,2431,224,2
30.3,09:50:26,29.99,-1.0231023102310306,458,82,2
30.3,09:50:29,29.97,-1.0891089108910952,374,62,1
30.3,09:50:32,29.98,-1.056105610561057,1297,59,2
30.3,09:50:35,29.98,-1.056105610561057,878,56,2
30.3,09:50:38,29.98,-1.056105610561057,980,72,2
30.3,09:50:41,29.98,-1.056105610561057,444,53,1
30.3,09:50:44,29.98,-1.056105610561057,129,22,1
30.3,09:50:47,29.98,-1.056105610561057,2288,171,1
30.3,09:50:50,29.98,-1.056105610561057,346,60,1
30.3,09:50:53,29.98,-1.056105610561057,335,50,1
30.3,09:50:56,29.97,-1.0891089108910952,321,50,1
30.3,09:50:59,29.98,-1.056105610561057,261,54,2
30.3,09:51:02,29.98,-1.056105610561057,431,60,1
30.3,09:51:05,29.98,-1.056105610561057,311,35,1
30.3,09:51:08,29.99,-1.0231023102310306,531,36,2
30.3,09:51:11,29.99,-1.0231023102310306,362,50,2
30.3,09:51:14,29.98,-1.056105610561057,199,39,1
30.3,09:51:17,29.98,-1.056105610561057,1989,106,1
30.3,09:51:20,29.98,-1.056105610561057,503,55,2
30.3,09:51:23,29.98,-1.056105610561057,963,114,2
30.3,09:51:26,29.98,-1.056105610561057,120,30,1
30.3,09:51:29,29.99,-1.0231023102310306,195,38,2
30.3,09:51:32,29.98,-1.056105610561057,1217,101,1
30.3,09:51:35,29.99,-1.0231023102310306,726,92,2
30.3,09:51:38,29.99,-1.0231023102310306,531,52,1
30.3,09:51:41,29.99,-1.0231023102310306,390,60,2
30.3,09:51:44,30.0,-0.9900990099009923,548,99,2
30.3,09:51:47,29.99,-1.0231023102310306,501,77,1
30.3,09:51:50,29.99,-1.0231023102310306,923,81,2
30.3,09:51:53,29.99,-1.0231023102310306,909,85,2
30.3,09:51:56,29.99,-1.0231023102310306,504,53,2
30.3,09:51:59,29.99,-1.0231023102310306,817,59,2
30.3,09:52:02,29.99,-1.0231023102310306,549,57,2
30.3,09:52:05,29.99,-1.0231023102310306,435,79,2
30.3,09:52:08,29.98,-1.056105610561057,384,30,1
30.3,09:52:11,29.99,-1.0231023102310306,705,49,2
30.3,09:52:14,29.99,-1.0231023102310306,832,23,2
30.3,09:52:17,29.99,-1.0231023102310306,735,21,2
30.3,09:52:20,29.98,-1.056105610561057,1139,89,1
30.3,09:52:23,29.99,-1.0231023102310306,1483,56,2
30.3,09:52:26,29.99,-1.0231023102310306,633,43,2
30.3,09:52:29,29.99,-1.0231023102310306,455,36,2
30.3,09:52:32,29.99,-1.0231023102310306,552,37,2
30.3,09:52:35,29.99,-1.0231023102310306,882,62,2
30.3,09:52:38,29.98,-1.056105610561057,501,50,1
30.3,09:52:41,29.99,-1.0231023102310306,551,42,2
30.3,09:52:44,29.98,-1.056105610561057,388,48,1
30.3,09:52:47,29.99,-1.0231023102310306,437,24,2
30.3,09:52:50,29.98,-1.056105610561057,560,31,1
30.3,09:52:53,29.99,-1.0231023102310306,159,15,2
30.3,09:52:56,29.98,-1.056105610561057,151,27,1
30.3,09:52:59,29.99,-1.0231023102310306,336,19,2
30.3,09:53:02,29.99,-1.0231023102310306,441,42,2
30.3,09:53:05,29.99,-1.0231023102310306,499,71,2
30.3,09:53:08,29.98,-1.056105610561057,778,36,1
30.3,09:53:11,29.98,-1.056105610561057,327,38,1
30.3,09:53:14,29.98,-1.056105610561057,978,98,1
30.3,09:53:17,29.99,-1.0231023102310306,705,60,2
30.3,09:53:20,29.98,-1.056105610561057,1356,78,1
30.3,09:53:23,29.98,-1.056105610561057,615,55,2
30.3,09:53:26,29.97,-1.0891089108910952,915,32,1
30.3,09:53:29,29.98,-1.056105610561057,417,26,2
30.3,09:53:32,29.97,-1.0891089108910952,440,51,1
30.3,09:53:35,29.97,-1.0891089108910952,513,77,1
30.3,09:53:38,29.97,-1.0891089108910952,7774,726,1
30.3,09:53:41,29.97,-1.0891089108910952,236,48,2
30.3,09:53:44,29.97,-1.0891089108910952,564,58,2
30.3,09:53:47,29.96,-1.1221122112211217,1189,74,1
30.3,09:53:50,29.97,-1.0891089108910952,501,30,2
30.3,09:53:53,29.97,-1.0891089108910952,453,40,2
30.3,09:53:56,29.95,-1.1551155115511598,1813,137,1
30.3,09:53:59,29.95,-1.1551155115511598,938,47,1
30.3,09:54:02,29.96,-1.1221122112211217,675,50,2
30.3,09:54:05,29.96,-1.1221122112211217,246,37,2
30.3,09:54:08,29.95,-1.1551155115511598,431,52,1
30.3,09:54:11,29.96,-1.1221122112211217,507,70,2
30.3,09:54:14,29.95,-1.1551155115511598,978,89,1
30.3,09:54:17,29.96,-1.1221122112211217,867,53,2
30.3,09:54:20,29.96,-1.1221122112211217,795,85,2
30.3,09:54:23,29.96,-1.1221122112211217,2596,110,1
30.3,09:54:26,29.97,-1.0891089108910952,295,34,2
30.3,09:54:29,29.97,-1.0891089108910952,1182,55,2
30.3,09:54:32,29.97,-1.0891089108910952,2057,43,2
30.3,09:54:35,29.97,-1.0891089108910952,267,34,2
30.3,09:54:38,29.97,-1.0891089108910952,295,19,1
30.3,09:54:41,29.97,-1.0891089108910952,162,12,1
30.3,09:54:44,29.98,-1.056105610561057,1192,100,2
30.3,09:54:47,29.98,-1.056105610561057,216,40,2
30.3,09:54:50,29.98,-1.056105610561057,245,58,2
30.3,09:54:53,29.98,-1.056105610561057,609,83,2
30.3,09:54:56,29.98,-1.056105610561057,303,29,1
30.3,09:54:59,29.98,-1.056105610561057,84,19,1
30.3,09:55:02,29.99,-1.0231023102310306,495,46,2
30.3,09:55:05,29.98,-1.056105610561057,197,32,1
30.3,09:55:08,29.99,-1.0231023102310306,342,43,2
30.3,09:55:11,29.99,-1.0231023102310306,338,29,2
30.3,09:55:14,29.99,-1.0231023102310306,283,40,1
30.3,09:55:17,29.98,-1.056105610561057,477,79,1
30.3,09:55:20,29.98,-1.056105610561057,396,35,2
30.3,09:55:23,29.98,-1.056105610561057,265,31,2
30.3,09:55:26,29.98,-1.056105610561057,358,43,2
30.3,09:55:29,29.98,-1.056105610561057,282,38,2
30.3,09:55:32,29.98,-1.056105610561057,447,43,2
30.3,09:55:35,29.98,-1.056105610561057,91,19,1
30.3,09:55:38,29.98,-1.056105610561057,224,14,1
30.3,09:55:41,29.98,-1.056105610561057,84,23,1
30.3,09:55:44,29.99,-1.0231023102310306,157,23,2
30.3,09:55:47,29.99,-1.0231023102310306,1264,75,2
30.3,09:55:50,29.98,-1.056105610561057,232,32,1
30.3,09:55:53,29.98,-1.056105610561057,696,73,1
30.3,09:55:56,29.98,-1.056105610561057,56,14,2
30.3,09:55:59,29.98,-1.056105610561057,434,30,2
30.3,09:56:02,29.98,-1.056105610561057,67,13,1
30.3,09:56:05,29.98,-1.056105610561057,488,64,1
30.3,09:56:08,29.98,-1.056105610561057,628,105,1
30.3,09:56:11,29.98,-1.056105610561057,149,36,2
30.3,09:56:14,29.98,-1.056105610561057,505,46,2
30.3,09:56:17,29.98,-1.056105610561057,434,45,2
30.3,09:56:20,29.98,-1.056105610561057,622,31,2
30.3,09:56:23,29.99,-1.0231023102310306,825,47,2
30.3,09:56:26,29.99,-1.0231023102310306,265,47,2
30.3,09:56:29,29.99,-1.0231023102310306,270,32,2
30.3,09:56:32,29.98,-1.056105610561057,432,50,1
30.3,09:56:35,29.99,-1.0231023102310306,561,65,2
30.3,09:56:38,29.99,-1.0231023102310306,1122,73,2
30.3,09:56:41,29.99,-1.0231023102310306,275,19,2
30.3,09:56:44,29.98,-1.056105610561057,779,35,1
30.3,09:56:47,29.99,-1.0231023102310306,272,37,2
30.3,09:56:50,29.99,-1.0231023102310306,653,50,2
30.3,09:56:53,29.99,-1.0231023102310306,57,15,1
30.3,09:56:56,30.0,-0.9900990099009923,694,66,2
30.3,09:56:59,30.0,-0.9900990099009923,212,27,2
30.3,09:57:02,30.0,-0.9900990099009923,557,85,2
30.3,09:57:05,30.0,-0.9900990099009923,194,24,2
30.3,09:57:08,30.0,-0.9900990099009923,419,31,2
30.3,09:57:11,30.0,-0.9900990099009923,532,46,2
30.3,09:57:14,30.0,-0.9900990099009923,124,8,1
30.3,09:57:17,30.01,-0.9570957095709542,69,11,2
30.3,09:57:20,30.0,-0.9900990099009923,75,14,1
30.3,09:57:23,30.0,-0.9900990099009923,371,46,1
30.3,09:57:26,30.01,-0.9570957095709542,222,25,2
30.3,09:57:29,30.0,-0.9900990099009923,180,29,1
30.3,09:57:32,30.01,-0.9570957095709542,149,24,2
30.3,09:57:35,30.0,-0.9900990099009923,427,60,1
30.3,09:57:38,30.01,-0.9570957095709542,159,15,2
30.3,09:57:41,30.01,-0.9570957095709542,249,29,2
30.3,09:57:44,30.01,-0.9570957095709542,502,75,2
30.3,09:57:47,30.01,-0.9570957095709542,240,26,2
30.3,09:57:50,30.01,-0.9570957095709542,149,20,2
30.3,09:57:53,30.01,-0.9570957095709542,622,155,2
30.3,09:57:56,30.0,-0.9900990099009923,2344,190,1
30.3,09:57:59,30.0,-0.9900990099009923,913,95,1
30.3,09:58:02,30.0,-0.9900990099009923,1092,76,1
30.3,09:58:05,30.0,-0.9900990099009923,137,38,2
30.3,09:58:08,30.0,-0.9900990099009923,1157,106,2
30.3,09:58:11,30.0,-0.9900990099009923,422,40,2
30.3,09:58:14,30.0,-0.9900990099009923,368,70,1
30.3,09:58:17,30.0,-0.9900990099009923,415,44,2
30.3,09:58:20,30.01,-0.9570957095709542,264,26,2
30.3,09:58:23,30.01,-0.9570957095709542,93,25,2
30.3,09:58:26,30.01,-0.9570957095709542,704,119,2
30.3,09:58:29,30.01,-0.9570957095709542,277,42,2
30.3,09:58:32,30.02,-0.9240924092409277,111,10,2
30.3,09:58:35,30.01,-0.9570957095709542,396,44,1
30.3,09:58:38,30.03,-0.8910891089108897,1527,87,2
30.3,09:58:41,30.02,-0.9240924092409277,280,34,1
30.3,09:58:44,30.04,-0.8580858085808633,220,41,2
30.3,09:58:47,30.04,-0.8580858085808633,137,15,2
30.3,09:58:50,30.04,-0.8580858085808633,810,45,2
30.3,09:58:53,30.04,-0.8580858085808633,290,26,2
30.3,09:58:56,30.04,-0.8580858085808633,909,37,1
30.3,09:58:59,30.03,-0.8910891089108897,268,61,1
30.3,09:59:02,30.03,-0.8910891089108897,268,53,2
30.3,09:59:05,30.02,-0.9240924092409277,195,15,1
30.3,09:59:08,30.03,-0.8910891089108897,335,34,2
30.3,09:59:11,30.01,-0.9570957095709542,803,92,1
30.3,09:59:14,30.02,-0.9240924092409277,183,34,2
30.3,09:59:17,30.01,-0.9570957095709542,965,17,1
30.3,09:59:20,30.01,-0.9570957095709542,319,26,2
30.3,09:59:23,30.01,-0.9570957095709542,1821,18,2
30.3,09:59:26,30.01,-0.9570957095709542,277,33,2
30.3,09:59:29,30.01,-0.9570957095709542,309,31,2
30.3,09:59:32,30.01,-0.9570957095709542,280,32,2
30.3,09:59:35,30.0,-0.9900990099009923,1343,150,1
30.3,09:59:38,29.99,-1.0231023102310306,197,25,1
30.3,09:59:41,30.0,-0.9900990099009923,156,16,2
30.3,09:59:44,30.0,-0.9900990099009923,846,40,2
30.3,09:59:47,30.0,-0.9900990099009923,161,24,2
30.3,09:59:50,29.99,-1.0231023102310306,224,24,1
30.3,09:59:53,30.0,-0.9900990099009923,593,34,2
30.3,09:59:56,30.0,-0.9900990099009923,692,73,2
30.3,09:59:59,30.0,-0.9900990099009923,168,28,2
30.3,10:00:02,29.99,-1.0231023102310306,578,67,1
30.3,10:00:05,29.99,-1.0231023102310306,687,60,1
30.3,10:00:08,29.99,-1.0231023102310306,370,50,2
30.3,10:00:11,29.99,-1.0231023102310306,292,33,2
30.3,10:00:14,29.99,-1.0231023102310306,1473,100,1
30.3,10:00:17,29.99,-1.0231023102310306,104,22,2
30.3,10:00:20,29.99,-1.0231023102310306,156,13,2
30.3,10:00:23,29.98,-1.056105610561057,608,29,1
30.3,10:00:26,29.99,-1.0231023102310306,162,19,2
30.3,10:00:29,29.99,-1.0231023102310306,216,44,2
30.3,10:00:32,29.99,-1.0231023102310306,65,19,1
30.3,10:00:35,30.0,-0.9900990099009923,266,35,2
30.3,10:00:38,29.99,-1.0231023102310306,1873,185,1
30.3,10:00:41,29.98,-1.056105610561057,1156,116,1
30.3,10:00:44,29.99,-1.0231023102310306,179,44,2
30.3,10:00:47,29.99,-1.0231023102310306,373,33,2
30.3,10:00:50,29.97,-1.0891089108910952,2915,220,1
30.3,10:00:53,29.98,-1.056105610561057,866,100,2
30.3,10:00:56,29.97,-1.0891089108910952,115,27,1
30.3,10:00:59,29.97,-1.0891089108910952,118,39,1
30.3,10:01:02,29.97,-1.0891089108910952,446,44,1
30.3,10:01:05,30.01,-0.9570957095709542,2432,129,2
30.3,10:01:08,30.01,-0.9570957095709542,1078,164,2
30.3,10:01:11,30.02,-0.9240924092409277,590,61,2
30.3,10:01:14,30.01,-0.9570957095709542,229,34,1
30.3,10:01:17,30.02,-0.9240924092409277,412,46,2
30.3,10:01:20,30.01,-0.9570957095709542,748,124,1
30.3,10:01:23,30.02,-0.9240924092409277,173,23,1
30.3,10:01:26,30.02,-0.9240924092409277,169,16,2
30.3,10:01:29,30.02,-0.9240924092409277,324,28,2
30.3,10:01:32,30.01,-0.9570957095709542,257,35,1
30.3,10:01:35,30.02,-0.9240924092409277,411,47,2
30.3,10:01:38,30.02,-0.9240924092409277,208,21,2
30.3,10:01:41,30.01,-0.9570957095709542,128,21,1
30.3,10:01:44,30.02,-0.9240924092409277,261,20,2
30.3,10:01:47,30.01,-0.9570957095709542,150,19,1
30.3,10:01:50,30.01,-0.9570957095709542,543,49,1
30.3,10:01:53,30.01,-0.9570957095709542,632,24,2
30.3,10:01:56,30.01,-0.9570957095709542,335,12,1
30.3,10:01:59,30.02,-0.9240924092409277,416,24,2
30.3,10:02:02,30.02,-0.9240924092409277,197,23,2
30.3,10:02:05,30.01,-0.9570957095709542,218,21,1
30.3,10:02:08,30.01,-0.9570957095709542,217,18,1
30.3,10:02:11,30.02,-0.9240924092409277,526,81,2
30.3,10:02:14,30.01,-0.9570957095709542,138,25,1
30.3,10:02:17,30.01,-0.9570957095709542,179,19,1
30.3,10:02:20,30.01,-0.9570957095709542,172,31,1
30.3,10:02:23,30.01,-0.9570957095709542,710,105,1
30.3,10:02:26,30.02,-0.9240924092409277,417,29,2
30.3,10:02:29,30.01,-0.9570957095709542,441,22,1
30.3,10:02:32,30.02,-0.9240924092409277,478,26,2
30.3,10:02:35,30.01,-0.9570957095709542,424,25,1
30.3,10:02:38,30.02,-0.9240924092409277,162,10,2
30.3,10:02:41,30.01,-0.9570957095709542,695,14,1
30.3,10:02:44,30.02,-0.9240924092409277,192,17,2
30.3,10:02:47,30.02,-0.9240924092409277,1158,51,2
30.3,10:02:50,30.01,-0.9570957095709542,503,33,1
30.3,10:02:53,30.03,-0.8910891089108897,1086,109,2
30.3,10:02:56,30.03,-0.8910891089108897,510,86,2
30.3,10:02:59,30.03,-0.8910891089108897,668,82,2
30.3,10:03:02,30.02,-0.9240924092409277,337,50,1
30.3,10:03:05,30.02,-0.9240924092409277,93,7,2
30.3,10:03:08,30.02,-0.9240924092409277,231,17,2
30.3,10:03:11,30.02,-0.9240924092409277,641,61,2
30.3,10:03:14,30.02,-0.9240924092409277,523,39,2
30.3,10:03:17,30.01,-0.9570957095709542,243,60,1
30.3,10:03:20,30.02,-0.9240924092409277,301,39,2
30.3,10:03:23,30.01,-0.9570957095709542,167,21,1
30.3,10:03:26,30.02,-0.9240924092409277,222,36,2
30.3,10:03:29,30.01,-0.9570957095709542,329,19,1
30.3,10:03:32,30.01,-0.9570957095709542,66,12,1
30.3,10:03:35,30.01,-0.9570957095709542,37,8,1
30.3,10:03:38,30.03,-0.8910891089108897,912,75,2
30.3,10:03:41,30.03,-0.8910891089108897,487,44,1
30.3,10:03:44,30.05,-0.825082508250825,727,52,2
30.3,10:03:47,30.05,-0.825082508250825,336,36,2
30.3,10:03:50,30.03,-0.8910891089108897,243,15,1
30.3,10:03:53,30.04,-0.8580858085808633,805,15,1
30.3,10:03:56,30.03,-0.8910891089108897,358,15,1
30.3,10:03:59,30.03,-0.8910891089108897,218,14,1
30.3,10:04:02,30.03,-0.8910891089108897,448,23,1
30.3,10:04:05,30.03,-0.8910891089108897,234,9,1
30.3,10:04:08,30.04,-0.8580858085808633,107,8,2
30.3,10:04:11,30.04,-0.8580858085808633,382,31,2
30.3,10:04:14,30.03,-0.8910891089108897,196,26,1
30.3,10:04:17,30.03,-0.8910891089108897,265,36,2
30.3,10:04:20,30.02,-0.9240924092409277,307,33,1
30.3,10:04:23,30.02,-0.9240924092409277,97,10,1
30.3,10:04:26,30.02,-0.9240924092409277,109,16,1
30.3,10:04:29,30.03,-0.8910891089108897,691,44,2
30.3,10:04:32,30.02,-0.9240924092409277,472,15,1
30.3,10:04:35,30.02,-0.9240924092409277,123,8,1
30.3,10:04:38,30.02,-0.9240924092409277,217,13,1
30.3,10:04:41,30.02,-0.9240924092409277,127,20,1
30.3,10:04:44,30.02,-0.9240924092409277,268,24,1
30.3,10:04:47,30.02,-0.9240924092409277,230,36,1
30.3,10:04:50,30.02,-0.9240924092409277,232,30,1
30.3,10:04:53,30.02,-0.9240924092409277,104,24,1
30.3,10:04:56,30.01,-0.9570957095709542,138,12,1
30.3,10:04:59,30.01,-0.9570957095709542,459,49,1
30.3,10:05:02,30.01,-0.9570957095709542,912,106,1
30.3,10:05:05,30.0,-0.9900990099009923,129,30,1
30.3,10:05:08,30.01,-0.9570957095709542,308,66,2
30.3,10:05:11,30.0,-0.9900990099009923,77,22,1
30.3,10:05:14,30.0,-0.9900990099009923,211,49,1
30.3,10:05:17,30.0,-0.9900990099009923,677,56,1
30.3,10:05:20,30.0,-0.9900990099009923,413,60,1
30.3,10:05:23,30.0,-0.9900990099009923,503,46,1
30.3,10:05:26,30.0,-0.9900990099009923,390,70,1
30.3,10:05:29,30.0,-0.9900990099009923,395,46,1
30.3,10:05:32,30.0,-0.9900990099009923,492,14,1
30.3,10:05:35,30.0,-0.9900990099009923,175,33,1
30.3,10:05:38,30.0,-0.9900990099009923,124,14,1
30.3,10:05:41,30.0,-0.9900990099009923,97,10,1
30.3,10:05:44,30.01,-0.9570957095709542,223,23,2
30.3,10:05:47,30.01,-0.9570957095709542,67,13,2
30.3,10:05:50,30.0,-0.9900990099009923,203,17,1
30.3,10:05:53,30.01,-0.9570957095709542,177,15,2
30.3,10:05:56,30.01,-0.9570957095709542,189,15,2
30.3,10:05:59,30.0,-0.9900990099009923,257,43,1
30.3,10:06:02,30.0,-0.9900990099009923,792,36,1
30.3,10:06:05,30.0,-0.9900990099009923,454,70,1
30.3,10:06:08,30.01,-0.9570957095709542,247,32,2
30.3,10:06:11,29.99,-1.0231023102310306,491,53,1
30.3,10:06:14,30.0,-0.9900990099009923,576,23,2
30.3,10:06:17,30.0,-0.9900990099009923,785,26,2
30.3,10:06:20,30.0,-0.9900990099009923,1923,89,2
30.3,10:06:23,29.99,-1.0231023102310306,878,37,1
30.3,10:06:26,29.99,-1.0231023102310306,329,41,1
30.3,10:06:29,29.99,-1.0231023102310306,238,56,1
30.3,10:06:32,29.99,-1.0231023102310306,298,25,1
30.3,10:06:35,29.98,-1.056105610561057,121,32,1
30.3,10:06:38,29.98,-1.056105610561057,184,32,1
30.3,10:06:41,29.98,-1.056105610561057,490,28,1
30.3,10:06:44,29.98,-1.056105610561057,213,48,1
30.3,10:06:47,29.99,-1.0231023102310306,303,19,2
30.3,10:06:50,29.99,-1.0231023102310306,441,49,2
30.3,10:06:53,29.99,-1.0231023102310306,705,82,2
30.3,10:06:56,30.0,-0.9900990099009923,735,37,2
30.3,10:06:59,29.99,-1.0231023102310306,271,25,1
30.3,10:07:02,29.99,-1.0231023102310306,73,9,1
30.3,10:07:05,29.99,-1.0231023102310306,63,10,1
30.3,10:07:08,30.0,-0.9900990099009923,286,14,2
30.3,10:07:11,30.0,-0.9900990099009923,1508,65,2
30.3,10:07:14,30.0,-0.9900990099009923,705,60,2
30.3,10:07:17,29.98,-1.056105610561057,349,54,1
30.3,10:07:20,29.99,-1.0231023102310306,198,27,2
30.3,10:07:23,29.98,-1.056105610561057,133,31,1
30.3,10:07:26,29.99,-1.0231023102310306,236,40,2
30.3,10:07:29,29.99,-1.0231023102310306,82,18,2
30.3,10:07:32,29.99,-1.0231023102310306,490,47,1
30.3,10:07:35,29.99,-1.0231023102310306,396,45,2
30.3,10:07:38,29.99,-1.0231023102310306,490,22,2
30.3,10:07:41,29.99,-1.0231023102310306,154,12,2
30.3,10:07:44,29.98,-1.056105610561057,456,14,1
30.3,10:07:47,29.99,-1.0231023102310306,383,50,2
30.3,10:07:50,29.98,-1.056105610561057,467,91,1
30.3,10:07:53,29.99,-1.0231023102310306,214,49,2
30.3,10:07:56,29.98,-1.056105610561057,214,36,1
30.3,10:07:59,29.98,-1.056105610561057,990,78,1
30.3,10:08:02,29.99,-1.0231023102310306,1341,59,2
30.3,10:08:05,30.0,-0.9900990099009923,317,9,2
30.3,10:08:08,29.99,-1.0231023102310306,468,16,1
30.3,10:08:11,29.99,-1.0231023102310306,243,11,1
30.3,10:08:14,29.99,-1.0231023102310306,142,9,1
30.3,10:08:17,29.99,-1.0231023102310306,619,48,1
30.3,10:08:20,29.99,-1.0231023102310306,254,21,2
30.3,10:08:23,29.99,-1.0231023102310306,312,27,2
30.3,10:08:26,29.99,-1.0231023102310306,197,21,1
30.3,10:08:29,29.98,-1.056105610561057,213,24,1
30.3,10:08:32,29.99,-1.0231023102310306,161,22,1
30.3,10:08:35,29.99,-1.0231023102310306,121,14,1
30.3,10:08:38,29.99,-1.0231023102310306,102,15,1
30.3,10:08:41,30.0,-0.9900990099009923,459,31,2
30.3,10:08:44,29.99,-1.0231023102310306,758,45,1
30.3,10:08:47,29.99,-1.0231023102310306,281,32,2
30.3,10:08:50,29.99,-1.0231023102310306,256,34,2
30.3,10:08:53,29.99,-1.0231023102310306,247,33,2
30.3,10:08:56,29.99,-1.0231023102310306,184,34,2
30.3,10:08:59,29.99,-1.0231023102310306,1173,67,2
30.3,10:09:02,29.99,-1.0231023102310306,350,5,1
30.3,10:09:05,29.99,-1.0231023102310306,463,41,1
30.3,10:09:08,29.99,-1.0231023102310306,329,33,2
30.3,10:09:11,29.99,-1.0231023102310306,386,30,2
30.3,10:09:14,29.99,-1.0231023102310306,266,15,2
30.3,10:09:17,29.98,-1.056105610561057,108,14,1
30.3,10:09:20,29.98,-1.056105610561057,312,24,1
30.3,10:09:23,29.98,-1.056105610561057,728,15,1
30.3,10:09:26,29.99,-1.0231023102310306,578,15,2
30.3,10:09:29,29.97,-1.0891089108910952,3161,260,1
30.3,10:09:32,29.97,-1.0891089108910952,1288,102,1
30.3,10:09:35,29.97,-1.0891089108910952,1073,89,1
30.3,10:09:38,29.97,-1.0891089108910952,459,65,1
30.3,10:09:41,29.97,-1.0891089108910952,746,79,1
30.3,10:09:44,29.98,-1.056105610561057,1555,114,2
30.3,10:09:47,29.97,-1.0891089108910952,604,71,1
30.3,10:09:50,29.97,-1.0891089108910952,130,12,2
30.3,10:09:53,29.97,-1.0891089108910952,179,41,2
30.3,10:09:56,29.97,-1.0891089108910952,539,32,2
30.3,10:09:59,29.97,-1.0891089108910952,514,22,2
30.3,10:10:02,29.97,-1.0891089108910952,346,22,2
30.3,10:10:05,29.97,-1.0891089108910952,307,28,2
30.3,10:10:08,29.96,-1.1221122112211217,1471,69,1
30.3,10:10:11,29.97,-1.0891089108910952,1909,113,2
30.3,10:10:14,29.97,-1.0891089108910952,477,48,2
30.3,10:10:17,29.96,-1.1221122112211217,145,18,1
30.3,10:10:20,29.96,-1.1221122112211217,4732,483,1
30.3,10:10:23,29.95,-1.1551155115511598,5124,265,1
30.3,10:10:26,29.95,-1.1551155115511598,3064,361,1
30.3,10:10:29,29.95,-1.1551155115511598,1626,146,1
30.3,10:10:32,29.94,-1.1881188118811863,5484,331,1
30.3,10:10:35,29.95,-1.1551155115511598,1842,200,2
30.3,10:10:38,29.94,-1.1881188118811863,503,59,1
30.3,10:10:41,29.94,-1.1881188118811863,1619,78,2
30.3,10:10:44,29.94,-1.1881188118811863,1494,156,2
30.3,10:10:47,29.93,-1.2211221122112244,837,85,1
30.3,10:10:50,29.93,-1.2211221122112244,1613,89,2
30.3,10:10:53,29.94,-1.1881188118811863,357,62,2
30.3,10:10:56,29.93,-1.2211221122112244,107,8,1
30.3,10:10:59,29.93,-1.2211221122112244,881,81,1
30.3,10:11:02,29.93,-1.2211221122112244,302,40,2
30.3,10:11:05,29.93,-1.2211221122112244,681,40,2
30.3,10:11:08,29.92,-1.2541254125412509,497,47,1
30.3,10:11:11,29.93,-1.2211221122112244,725,75,2
30.3,10:11:14,29.93,-1.2211221122112244,199,35,1
30.3,10:11:17,29.93,-1.2211221122112244,312,41,1
30.3,10:11:20,29.93,-1.2211221122112244,340,22,1
30.3,10:11:23,29.93,-1.2211221122112244,410,54,1
30.3,10:11:26,29.94,-1.1881188118811863,192,28,2
30.3,10:11:29,29.93,-1.2211221122112244,400,43,1
30.3,10:11:32,29.94,-1.1881188118811863,703,53,2
30.3,10:11:35,29.94,-1.1881188118811863,580,14,2
30.3,10:11:38,29.94,-1.1881188118811863,521,37,2
30.3,10:11:41,29.94,-1.1881188118811863,639,46,2
30.3,10:11:44,29.94,-1.1881188118811863,249,11,2
30.3,10:11:47,29.94,-1.1881188118811863,642,101,1
30.3,10:11:50,29.94,-1.1881188118811863,54,8,1
30.3,10:11:53,29.94,-1.1881188118811863,294,41,1
30.3,10:11:56,29.94,-1.1881188118811863,691,53,1
30.3,10:11:59,29.94,-1.1881188118811863,256,33,2
30.3,10:12:02,29.94,-1.1881188118811863,245,33,1
30.3,10:12:05,29.94,-1.1881188118811863,618,41,2
30.3,10:12:08,29.94,-1.1881188118811863,119,24,2
30.3,10:12:11,29.95,-1.1551155115511598,806,47,2
30.3,10:12:14,29.94,-1.1881188118811863,1562,102,1
30.3,10:12:17,29.98,-1.056105610561057,2919,270,2
30.3,10:12:20,29.96,-1.1221122112211217,557,63,1
30.3,10:12:23,29.97,-1.0891089108910952,544,86,1
30.3,10:12:26,29.96,-1.1221122112211217,51,16,1
30.3,10:12:29,29.97,-1.0891089108910952,347,32,2
30.3,10:12:32,29.97,-1.0891089108910952,136,16,2
30.3,10:12:35,29.97,-1.0891089108910952,156,30,2
30.3,10:12:38,29.96,-1.1221122112211217,150,22,1
30.3,10:12:41,29.96,-1.1221122112211217,424,36,1
30.3,10:12:44,29.96,-1.1221122112211217,772,64,2
30.3,10:12:47,29.98,-1.056105610561057,365,36,2
30.3,10:12:50,29.98,-1.056105610561057,83,13,1
30.3,10:12:53,29.97,-1.0891089108910952,222,20,1
30.3,10:12:56,29.97,-1.0891089108910952,167,22,1
30.3,10:12:59,29.96,-1.1221122112211217,131,28,1
30.3,10:13:02,29.97,-1.0891089108910952,72,8,2
30.3,10:13:05,29.97,-1.0891089108910952,177,25,2
30.3,10:13:08,29.97,-1.0891089108910952,126,22,2
30.3,10:13:11,29.96,-1.1221122112211217,142,30,1
30.3,10:13:14,29.98,-1.056105610561057,116,20,2
30.3,10:13:17,29.98,-1.056105610561057,83,9,2
30.3,10:13:20,29.97,-1.0891089108910952,107,13,1
30.3,10:13:23,29.97,-1.0891089108910952,565,167,1
30.3,10:13:26,29.98,-1.056105610561057,260,42,2
30.3,10:13:29,29.99,-1.0231023102310306,79,17,2
30.3,10:13:32,29.98,-1.056105610561057,134,33,1
30.3,10:13:35,29.98,-1.056105610561057,168,47,1
30.3,10:13:38,29.99,-1.0231023102310306,302,39,2
30.3,10:13:41,30.0,-0.9900990099009923,2109,80,2
30.3,10:13:44,29.98,-1.056105610561057,206,19,1
30.3,10:13:47,29.99,-1.0231023102310306,260,45,2
30.3,10:13:50,29.99,-1.0231023102310306,220,20,2
30.3,10:13:53,29.98,-1.056105610561057,264,26,1
30.3,10:13:56,29.99,-1.0231023102310306,244,39,2
30.3,10:13:59,29.99,-1.0231023102310306,389,42,2
30.3,10:14:02,29.99,-1.0231023102310306,200,35,2
30.3,10:14:05,30.0,-0.9900990099009923,102,10,2
30.3,10:14:08,29.99,-1.0231023102310306,46,7,1
30.3,10:14:11,30.0,-0.9900990099009923,470,25,2
30.3,10:14:14,30.0,-0.9900990099009923,547,23,2
30.3,10:14:17,30.02,-0.9240924092409277,2780,193,2
30.3,10:14:20,30.03,-0.8910891089108897,656,139,2
30.3,10:14:23,30.04,-0.8580858085808633,258,17,2
30.3,10:14:26,30.04,-0.8580858085808633,622,15,2
30.3,10:14:29,30.03,-0.8910891089108897,647,17,1
30.3,10:14:32,30.02,-0.9240924092409277,718,105,1
30.3,10:14:35,30.04,-0.8580858085808633,383,59,2
30.3,10:14:38,30.02,-0.9240924092409277,310,34,2
30.3,10:14:41,30.02,-0.9240924092409277,200,22,1
30.3,10:14:44,30.02,-0.9240924092409277,171,28,1
30.3,10:14:47,30.02,-0.9240924092409277,56,14,1
30.3,10:14:50,30.02,-0.9240924092409277,389,47,1
30.3,10:14:53,30.02,-0.9240924092409277,144,40,2
30.3,10:14:56,30.02,-0.9240924092409277,217,28,2
30.3,10:14:59,30.02,-0.9240924092409277,212,27,1
30.3,10:15:02,30.02,-0.9240924092409277,727,42,1
30.3,10:15:05,29.99,-1.0231023102310306,1301,58,1
30.3,10:15:08,29.99,-1.0231023102310306,484,58,1
30.3,10:15:11,30.0,-0.9900990099009923,105,20,2
30.3,10:15:14,30.0,-0.9900990099009923,108,10,1
30.3,10:15:17,30.0,-0.9900990099009923,194,26,1
30.3,10:15:20,30.01,-0.9570957095709542,127,25,2
30.3,10:15:23,30.01,-0.9570957095709542,75,10,1
30.3,10:15:26,30.01,-0.9570957095709542,21,10,2
30.3,10:15:29,30.01,-0.9570957095709542,184,15,1
30.3,10:15:32,30.02,-0.9240924092409277,240,29,2
30.3,10:15:35,30.01,-0.9570957095709542,342,14,2
30.3,10:15:38,30.0,-0.9900990099009923,23,6,1
30.3,10:15:41,30.01,-0.9570957095709542,96,7,2
30.3,10:15:44,30.0,-0.9900990099009923,818,38,1
30.3,10:15:47,30.0,-0.9900990099009923,413,27,2
30.3,10:15:50,30.0,-0.9900990099009923,237,27,2
30.3,10:15:53,29.99,-1.0231023102310306,520,45,1
30.3,10:15:56,30.0,-0.9900990099009923,764,59,2
30.3,10:15:59,30.0,-0.9900990099009923,1439,33,2
30.3,10:16:02,30.01,-0.9570957095709542,130,34,2
30.3,10:16:05,30.0,-0.9900990099009923,67,13,1
30.3,10:16:08,30.0,-0.9900990099009923,54,5,1
30.3,10:16:11,30.0,-0.9900990099009923,69,19,1
30.3,10:16:14,30.01,-0.9570957095709542,33,5,2
30.3,10:16:17,30.0,-0.9900990099009923,80,15,1
30.3,10:16:20,30.01,-0.9570957095709542,64,12,2
30.3,10:16:23,30.0,-0.9900990099009923,81,19,1
30.3,10:16:26,30.01,-0.9570957095709542,117,25,2
30.3,10:16:29,30.01,-0.9570957095709542,41,17,2
30.3,10:16:32,30.0,-0.9900990099009923,253,20,1
30.3,10:16:35,30.0,-0.9900990099009923,272,29,2
30.3,10:16:38,30.01,-0.9570957095709542,585,28,2
30.3,10:16:41,30.01,-0.9570957095709542,1016,22,1
30.3,10:16:47,30.0,-0.9900990099009923,140,18,1
30.3,10:16:50,30.01,-0.9570957095709542,32,4,2
30.3,10:16:53,30.01,-0.9570957095709542,80,14,2
30.3,10:16:56,30.0,-0.9900990099009923,669,38,1
30.3,10:16:59,30.0,-0.9900990099009923,34,11,1
30.3,10:17:02,30.0,-0.9900990099009923,267,17,1
30.3,10:17:05,30.0,-0.9900990099009923,129,12,1
30.3,10:17:08,30.01,-0.9570957095709542,217,15,2
30.3,10:17:11,30.01,-0.9570957095709542,120,6,1
30.3,10:17:14,30.01,-0.9570957095709542,33,5,1
30.3,10:17:17,30.02,-0.9240924092409277,158,20,2
30.3,10:17:20,30.01,-0.9570957095709542,639,66,1
30.3,10:17:23,30.01,-0.9570957095709542,21,4,1
30.3,10:17:26,30.02,-0.9240924092409277,402,39,2
30.3,10:17:29,30.02,-0.9240924092409277,225,39,1
30.3,10:17:32,30.02,-0.9240924092409277,476,23,1
30.3,10:17:35,30.01,-0.9570957095709542,832,26,1
30.3,10:17:38,30.02,-0.9240924092409277,25,6,2
30.3,10:17:41,30.02,-0.9240924092409277,267,20,2
30.3,10:17:44,30.03,-0.8910891089108897,75,21,2
30.3,10:17:47,30.02,-0.9240924092409277,155,15,1
30.3,10:17:50,30.02,-0.9240924092409277,257,14,1
30.3,10:17:53,30.02,-0.9240924092409277,80,10,1
30.3,10:17:56,30.03,-0.8910891089108897,56,9,2
30.3,10:17:59,30.02,-0.9240924092409277,455,27,1
30.3,10:18:02,30.02,-0.9240924092409277,819,43,1
30.3,10:18:05,30.02,-0.9240924092409277,410,89,2
30.3,10:18:08,30.02,-0.9240924092409277,880,189,2
30.3,10:18:11,30.02,-0.9240924092409277,135,21,1
30.3,10:18:14,30.02,-0.9240924092409277,390,80,1
30.3,10:18:17,30.03,-0.8910891089108897,220,10,2
30.3,10:18:20,30.03,-0.8910891089108897,138,27,2
30.3,10:18:23,30.03,-0.8910891089108897,16,4,2
30.3,10:18:26,30.03,-0.8910891089108897,160,28,2
30.3,10:18:29,30.03,-0.8910891089108897,256,22,1
30.3,10:18:32,30.04,-0.8580858085808633,412,22,2
30.3,10:18:35,30.04,-0.8580858085808633,100,9,2
30.3,10:18:38,30.03,-0.8910891089108897,1066,36,1
30.3,10:18:41,30.04,-0.8580858085808633,99,11,2
30.3,10:18:44,30.03,-0.8910891089108897,1420,46,1
30.3,10:18:47,30.03,-0.8910891089108897,922,186,2
30.3,10:18:50,30.03,-0.8910891089108897,324,15,2
30.3,10:18:53,30.03,-0.8910891089108897,54,8,1
30.3,10:18:56,30.04,-0.8580858085808633,112,8,2
30.3,10:18:59,30.05,-0.825082508250825,3220,113,2
30.3,10:19:02,30.06,-0.7920792079207987,1159,57,2
30.3,10:19:05,30.05,-0.825082508250825,468,72,1
30.3,10:19:08,30.07,-0.7590759075907605,71,15,2
30.3,10:19:11,30.08,-0.7260726072607341,137,29,2
30.3,10:19:14,30.08,-0.7260726072607341,13,6,2
30.3,10:19:17,30.08,-0.7260726072607341,88,22,2
30.3,10:19:20,30.07,-0.7590759075907605,264,34,1
30.3,10:19:23,30.08,-0.7260726072607341,108,19,2
30.3,10:19:26,30.08,-0.7260726072607341,315,59,1
30.3,10:19:29,30.09,-0.6930693069306959,194,34,2
30.3,10:19:32,30.08,-0.7260726072607341,178,24,1
30.3,10:19:35,30.08,-0.7260726072607341,360,35,1
30.3,10:19:38,30.08,-0.7260726072607341,286,59,1
30.3,10:19:41,30.08,-0.7260726072607341,289,67,1
30.3,10:19:44,30.07,-0.7590759075907605,474,48,1
30.3,10:19:47,30.07,-0.7590759075907605,319,19,2
30.3,10:19:50,30.07,-0.7590759075907605,775,46,2
30.3,10:19:53,30.07,-0.7590759075907605,790,26,2
30.3,10:19:56,30.06,-0.7920792079207987,332,23,1
30.3,10:19:59,30.08,-0.7260726072607341,257,36,2
30.3,10:20:02,30.07,-0.7590759075907605,453,34,1
30.3,10:20:05,30.06,-0.7920792079207987,306,17,1
30.3,10:20:08,30.06,-0.7920792079207987,435,39,1
30.3,10:20:11,30.06,-0.7920792079207987,296,31,1
30.3,10:20:14,30.07,-0.7590759075907605,222,21,2
30.3,10:20:17,30.07,-0.7590759075907605,125,13,2
30.3,10:20:20,30.07,-0.7590759075907605,119,12,1
30.3,10:20:23,30.07,-0.7590759075907605,218,17,1
30.3,10:20:26,30.08,-0.7260726072607341,180,12,2
30.3,10:20:29,30.08,-0.7260726072607341,129,25,2
30.3,10:20:32,30.08,-0.7260726072607341,133,19,2
30.3,10:20:35,30.08,-0.7260726072607341,248,27,2
30.3,10:20:38,30.07,-0.7590759075907605,189,13,1
30.3,10:20:41,30.07,-0.7590759075907605,161,16,1
30.3,10:20:44,30.07,-0.7590759075907605,1626,19,1
30.3,10:20:47,30.07,-0.7590759075907605,122,13,1
30.3,10:20:50,30.07,-0.7590759075907605,286,18,1
30.3,10:20:53,30.07,-0.7590759075907605,72,6,1
30.3,10:20:56,30.07,-0.7590759075907605,225,20,1
30.3,10:20:59,30.08,-0.7260726072607341,96,13,2
30.3,10:21:02,30.07,-0.7590759075907605,297,42,1
30.3,10:21:05,30.08,-0.7260726072607341,301,64,2
30.3,10:21:08,30.07,-0.7590759075907605,489,20,1
30.3,10:21:11,30.07,-0.7590759075907605,107,20,2
30.3,10:21:14,30.06,-0.7920792079207987,317,15,1
30.3,10:21:17,30.07,-0.7590759075907605,24,5,2
30.3,10:21:20,30.06,-0.7920792079207987,472,18,1
30.3,10:21:23,30.06,-0.7920792079207987,420,37,1
30.3,10:21:26,30.06,-0.7920792079207987,712,54,1
30.3,10:21:29,30.06,-0.7920792079207987,98,33,2
30.3,10:21:32,30.06,-0.7920792079207987,159,31,2
30.3,10:21:35,30.06,-0.7920792079207987,280,25,2
30.3,10:21:38,30.06,-0.7920792079207987,331,31,2
30.3,10:21:41,30.06,-0.7920792079207987,335,14,2
30.3,10:21:44,30.06,-0.7920792079207987,116,9,2
30.3,10:21:47,30.06,-0.7920792079207987,568,34,2
30.3,10:21:50,30.07,-0.7590759075907605,100,16,2
30.3,10:21:53,30.06,-0.7920792079207987,372,30,1
30.3,10:21:56,30.06,-0.7920792079207987,278,10,1
30.3,10:21:59,30.06,-0.7920792079207987,524,66,1
30.3,10:22:02,30.1,-0.6600660066006577,4836,214,2
