[{"uid":"4bae68e743aeb4f9","name":"test_login[False]","time":{"start":1738143978438,"stop":1738143985848,"duration":7410},"status":"failed","severity":"normal"},{"uid":"d2ae091da707bcdc","name":"test_rename[\\u91cd\\u547d\\u540d\\u5931\\u8d25]","time":{"start":1738143993308,"stop":1738144000695,"duration":7387},"status":"broken","severity":"normal"},{"uid":"a9898d38d109831f","name":"test_rename[test_case0]","time":{"start":1738144000708,"stop":1738144000708,"duration":0},"status":"skipped","severity":"normal"},{"uid":"3cbf7a2c0ccae873","name":"test_login[success]","time":{"start":1738143970481,"stop":1738143978002,"duration":7521},"status":"failed","severity":"normal"},{"uid":"cb2435d8a8baa151","name":"test_rename[\\u91cd\\u547d\\u540d\\u6210\\u529f]","time":{"start":1738143985861,"stop":1738143993290,"duration":7429},"status":"broken","severity":"normal"}]