{"uid":"ab17fc5a4eb3bca4b216b548c7f9fcbc","name":"timeline","children":[{"name":"WIN-ENQ01VG5K2P","children":[{"name":"8248-MainThread","children":[{"name":"test_rename[test_case0]","uid":"a9898d38d109831f","parentUid":"a7c28d480411a7d61a77e9d1afb2df3c","status":"skipped","time":{"start":1738144000708,"stop":1738144000708,"duration":0},"flaky":false,"newFailed":false,"newPassed":false,"newBroken":false,"retriesCount":0,"retriesStatusChange":false,"parameters":["<NotSetType.token: 0>"],"tags":["@pytest.mark.skip(reason='got empty parameter set ['test_case'], function test_rename at D:\\1document\\1test\\PycharmProject_gitee\\others\\测试相关\\api_mind\\testcases\\test_rename_excel.py:15')"]},{"name":"test_rename[\\u91cd\\u547d\\u540d\\u5931\\u8d25]","uid":"d2ae091da707bcdc","parentUid":"a7c28d480411a7d61a77e9d1afb2df3c","status":"broken","time":{"start":1738143993308,"stop":1738144000695,"duration":7387},"flaky":false,"newFailed":false,"newPassed":false,"newBroken":false,"retriesCount":0,"retriesStatusChange":false,"parameters":["{'case_name': '重命名失败', 'name': None}"],"tags":[]},{"name":"test_rename[\\u91cd\\u547d\\u540d\\u6210\\u529f]","uid":"cb2435d8a8baa151","parentUid":"a7c28d480411a7d61a77e9d1afb2df3c","status":"broken","time":{"start":1738143985861,"stop":1738143993290,"duration":7429},"flaky":false,"newFailed":false,"newPassed":false,"newBroken":false,"retriesCount":0,"retriesStatusChange":false,"parameters":["{'case_name': '重命名成功', 'name': '重命名文件1'}"],"tags":[]},{"name":"test_login[False]","uid":"4bae68e743aeb4f9","parentUid":"a7c28d480411a7d61a77e9d1afb2df3c","status":"failed","time":{"start":1738143978438,"stop":1738143985848,"duration":7410},"flaky":false,"newFailed":false,"newPassed":false,"newBroken":false,"retriesCount":0,"retriesStatusChange":false,"parameters":["{'name': False, 'email': '2695418206@qq.com', 'password': 'f2d8ddfc169a0ee6f8b0ecd924b1d30'}"],"tags":[]},{"name":"test_login[success]","uid":"3cbf7a2c0ccae873","parentUid":"a7c28d480411a7d61a77e9d1afb2df3c","status":"failed","time":{"start":1738143970481,"stop":1738143978002,"duration":7521},"flaky":false,"newFailed":false,"newPassed":false,"newBroken":false,"retriesCount":0,"retriesStatusChange":false,"parameters":["{'name': 'success', 'email': '2695418206@qq.com', 'password': 'f2d8ddfc169a0ee6f8b0ecd924b1d300'}"],"tags":[]}],"uid":"a7c28d480411a7d61a77e9d1afb2df3c"}],"uid":"523bd13e51a5eb89cb8a47986e241032"}]}