date,open,high,low,close,volume,H1,H2,VAR1,生命线,H2_cross_H1,H1_cross_H2,price_above_lifeline,price_below_lifeline,VAR1_turn_positive,VAR1_turn_negative,买入信号,卖出信号,position,capital,total_value,daily_return
2024-11-13,30.470908638990966,30.668164647807206,30.191760411879184,30.29802849180674,27552476,30.29802849180674,30.29802849180674,0.0,,0,0,0,0,0,0,False,False,0,10000.0,10000.0,0.0
2024-11-14,29.315988389616983,30.600244821960864,28.77985058981572,30.34207235787732,7440010,30.299187540913863,30.3078160176002,0.008628476686336484,,1,0,0,0,1,0,True,False,0,10000.0,10000.0,0.0
2024-11-15,30.031251918518517,31.298982952845773,29.779727855936834,30.98442266242591,9674163,30.31722004411155,30.45817304978369,0.14095300567213798,,0,0,0,0,0,0,False,False,300,897.378292636804,10192.705091364576,1.927050913645762
2024-11-18,30.906165878887577,32.43466857796109,30.66933902071414,32.2781776896293,19279553,30.368824192677806,30.862618525304935,0.4937943326271288,,0,0,0,0,0,0,False,False,300,897.378292636804,10580.831599525594,3.8078851951661505
2024-11-19,31.87541601697338,32.71799447475341,31.544601662284105,32.64302205470034,31914222,30.428671504836295,31.25826375405947,0.8295922492231753,,0,0,0,0,0,0,False,False,300,897.378292636804,10690.284909046906,1.0344490269197686
2024-11-20,33.175890436666165,33.58104770919569,33.10108916932485,33.132210895647034,38041101,30.499817278278684,31.67469645219004,1.174879173911357,,0,0,0,0,0,0,False,False,300,897.378292636804,10837.041561330914,1.3728039386472446
2024-11-21,32.658373438195206,35.033492047082916,32.54976255112726,34.83241804526093,49548947,30.613833087936115,32.37641236176135,1.7625792738252386,,0,0,0,0,0,0,False,False,300,897.378292636804,11347.103706215083,4.706654874372623
2024-11-22,34.67913991006951,36.58741480084454,34.167252489221816,36.16698215322526,28209162,30.75996858965425,33.21876120430889,2.458792614654641,,0,0,0,0,0,0,False,False,300,897.378292636804,11747.472938604384,3.5283825966092928
2024-11-25,36.214267074479345,36.99283999074005,36.15429721300631,36.87898518494595,33790042,30.920995342161923,34.03214431111713,3.111148968955206,,0,0,0,0,0,0,False,False,300,897.378292636804,11961.073848120588,1.8182711348435803
2024-11-26,37.41051214769522,38.68440775876771,36.959227561333215,38.31570333070423,38277378,31.115592920807774,34.98404631546982,3.868453394662044,,0,0,0,0,0,0,False,False,300,897.378292636804,12392.089291848073,3.6034845131836497
2024-11-27,37.76554264862045,39.68222544141929,37.58022780331103,39.2639936791535,44429245,31.33002451971161,35.935145729621745,4.605121209910134,,0,0,0,0,0,0,False,False,300,897.378292636804,12676.576396382854,2.2957154183994297
2024-11-28,39.72069822127782,40.36527386855449,39.41143634919325,40.32347976178962,45808939,31.566694394503138,36.910331070103496,5.343636675600358,,0,0,0,0,0,0,False,False,300,897.378292636804,12994.42222117369,2.5073475270620467
2024-11-29,40.327606088078866,42.19954507706228,40.09475954214718,41.91735386423687,1224695,31.83908017002245,38.023002802133135,6.183922632110686,,0,0,0,0,0,0,False,False,300,897.378292636804,13472.584451907866,3.679749838781105
2024-12-02,41.505931409769005,42.43859884975168,41.210680862290594,42.32481731682882,45924507,32.115020621254196,38.97896158317662,6.863940961922424,,0,0,0,0,0,0,False,False,300,897.378292636804,13594.82348768545,0.9073169013260373
2024-12-03,42.520401768125474,43.0032119399848,41.90891935256228,42.94877439380383,27267668,32.40011940474235,39.861142207760444,7.461022803018096,,0,0,0,0,0,0,False,False,300,897.378292636804,13782.010610777954,1.3768999888969757
2024-12-04,43.03426809336467,45.24881088814576,42.778539782034905,44.370313961730375,15063918,32.71512452466308,40.86318037530931,8.14805585064623,,0,0,0,0,0,0,False,False,300,897.378292636804,14208.472481155917,3.094337121206808
2024-12-05,44.10399584888372,45.911956494354484,43.60438169079487,45.617854677260226,49943187,33.05467005499459,41.91977466463174,8.86510460963715,,0,0,0,0,0,0,False,False,300,897.378292636804,14582.734695814872,2.63407776701769
2024-12-06,45.64969689095267,48.527592586640516,45.21506575964857,47.75409614360864,30933317,33.44149705732654,43.216290548848825,9.774793491522281,,0,0,0,0,0,0,False,False,300,897.378292636804,15223.607135719396,4.394734274967297
2024-12-09,47.57009311810888,49.49616463319417,46.938675135386774,49.24536718232638,44353746,33.85738837640549,44.55608535628828,10.69869697988279,,0,0,0,0,0,0,False,False,300,897.378292636804,15670.98844733472,2.938733951992398
2024-12-10,49.30126921581099,51.20678951012553,48.37753131205443,50.5182233750848,37894648,34.295831402686524,45.88100491602084,11.585173513334318,,0,0,0,0,0,0,False,False,300,897.378292636804,16052.845305162244,2.4367120115672707
2024-12-11,50.852720028274305,54.412523807175106,50.107654353075134,53.59759609173409,21610500,34.80377257871409,47.59580295506823,12.792030376354141,,0,0,0,0,0,0,False,False,300,897.378292636804,16976.657120157033,5.754816653579238
2024-12-12,54.447662978798654,56.40127855371724,54.21360295291775,55.737292736705605,14245696,35.354654688134914,49.4050229065432,14.050368218408288,,0,0,0,0,0,0,False,False,300,897.378292636804,17618.566113648485,3.781127161538114
2024-12-13,55.047367888584176,58.67162996304598,55.013036898431416,58.1234373817278,36402297,35.95383318007157,51.342448345473116,15.388615165401546,,0,0,0,0,0,0,False,False,300,897.378292636804,18334.409507155142,4.063005972728496
2024-12-16,59.36322969957749,60.17140306395673,59.05185288550327,59.679831139702145,15921595,36.57820154743027,53.195200077524014,16.616998530093746,,0,0,0,0,0,0,False,False,300,897.378292636804,18801.327634547448,2.5466766584988054
2024-12-17,58.51482843724838,62.25645953094949,57.81841077681402,61.82508333789018,25363941,37.242593173495,55.11295191316094,17.87035873966594,,0,0,0,0,0,0,False,False,300,897.378292636804,19444.903294003856,3.4230330536543474
2024-12-18,61.73124207638993,65.61665622776218,61.6677504895665,64.41906820099983,49123406,37.957763568955656,57.18097775490292,19.223214185947263,43.59763869656945,0,0,1,0,0,0,False,False,300,897.378292636804,20223.098752936752,4.002053634141061
2024-12-19,64.79805666348335,67.40776639283685,64.15478529924363,66.30626104716457,43862524,38.70377666048747,59.20881848651662,20.50504182602915,44.98257071792937,0,0,1,0,0,0,False,False,300,897.378292636804,20789.256606786174,2.7995603481252114
2024-12-20,66.49257624850625,70.48926459979073,65.6988638757066,69.15454466780432,38571568,39.50511266068002,61.418979860136105,21.913867199456085,46.47535811446502,0,0,1,0,0,0,False,False,300,897.378292636804,21643.7416929781,4.1102243449772935
2024-12-23,68.72391965022378,71.63437987616892,68.26450864430213,71.45674238261928,48424280,40.345945021783685,63.649593754021254,23.30364873223757,48.031985796010915,0,0,1,0,0,0,False,False,300,897.378292636804,22334.401007422588,3.191034730693353
2024-12-24,71.30802500234057,75.05996909716478,70.20858046835424,73.97859807330593,40304715,41.231014838929006,65.94492804719562,24.71391320826661,49.635848118460025,0,0,1,0,0,0,False,False,300,897.378292636804,23090.957714628585,3.3874054063709322
2024-12-25,73.61388289335703,77.77597848790218,73.45694066690051,76.34325911523426,2074961,42.15502126725283,68.25566828453753,26.100647017284707,51.31662646694209,0,0,1,0,0,0,False,False,300,897.378292636804,23800.356027207083,3.0721909474074343
2024-12-26,75.89331885170647,80.49431692995402,75.77926973916476,80.20360602121866,22402894,43.156299813409824,70.91076555935555,27.75446574594573,53.12706474100254,0,0,1,0,0,0,False,False,300,897.378292636804,24958.4600990024,4.865910705165275
2024-12-27,80.88501753986142,83.07257081673997,79.70702633350426,82.96223723457005,12950571,44.20382448238772,73.58887037606989,29.385045893682168,54.97821163289905,0,0,1,0,0,0,False,False,300,897.378292636804,25786.04946300782,3.3158670876433565
2024-12-30,83.25842526900053,86.36801398056552,82.43334873456467,85.10652984737925,20155151,46.149111697596055,76.14835025858308,29.999238560987024,56.86050192882805,0,0,1,0,0,0,False,False,300,897.378292636804,26429.33724685058,2.494712440405452
2024-12-31,84.51681853587338,89.40110710654939,83.35318692750252,88.3856040442378,13866619,48.16963006164584,78.86773998872857,30.698109927082733,58.841525731108504,0,0,1,0,0,0,False,False,300,897.378292636804,27413.059505908142,3.722084477070215
2025-01-01,89.18072082812068,91.96241814526333,88.40515651827158,90.43972291895885,3474968,50.22739688662309,81.43929175100196,31.21189486437887,60.84629571527215,0,0,1,0,0,0,False,False,300,897.378292636804,28029.295168324457,2.2479638300989424
2025-01-02,90.71764375417094,93.60816508327048,90.27058351673716,93.34721783350965,40720592,52.3437472247503,84.08549754711478,31.74175032236448,62.926419721208916,0,0,1,0,0,0,False,False,300,897.378292636804,28901.5436426897,3.1119172605915497
2025-01-03,94.10600200626833,96.45376674356936,92.56435311926059,94.94365503717798,48123764,54.48048584244351,86.49842143379549,32.01793559135198,65.02719569333924,0,0,1,0,0,0,False,False,300,897.378292636804,29380.474803790195,1.657112737719239
2025-01-06,95.54144767286851,97.29437399236754,94.01390066548102,96.9036057059385,23749774,56.642791838823356,88.81068460538282,32.16789276655946,67.14205153340468,0,0,1,0,0,0,False,False,300,897.378292636804,29968.460004418353,2.0012787558909895
2025-01-07,96.10027964923268,100.08434978074911,94.76506914682376,99.7578305444294,3442266,58.85214196666778,91.24338370294873,32.39124173628095,69.35101358062009,0,0,1,0,0,0,False,False,300,897.378292636804,30824.72745596562,2.85722873788318
2025-01-08,99.19900609160769,103.24905693433637,98.65907554909016,102.91096190886026,5437677,61.117601507996575,93.83617885981795,32.718577351821374,71.65725156196842,0,0,1,0,0,0,False,False,300,897.378292636804,31770.666865294883,3.068768120271539
2025-01-09,103.68000894617602,107.41445195051087,102.45610652975013,105.69256216538277,48347699,63.42810537526931,96.47093070549901,33.042825330229704,74.0157995698012,0,0,1,0,0,0,False,False,300,897.378292636804,32605.146942251635,2.626574004552317
2025-01-10,106.33767813761504,109.70592307188336,105.56997561623726,108.2655640261375,10607366,65.77462887521357,99.09196033230756,33.317331457094,76.42532685245033,0,0,1,0,0,0,False,False,300,897.378292636804,33377.04750047805,2.3674193512869732
2025-01-13,108.24293479754175,111.84381816324255,108.04467254970737,110.68589882949847,6241218,68.15119197539045,101.66839110946111,33.517199134070665,78.84578080190764,0,0,1,0,0,0,False,False,300,897.378292636804,34103.14794148634,2.175448385594591
2025-01-14,110.81576369828693,113.15982333219088,108.78270760997384,112.35350607265043,27821567,70.53265055268207,104.04286110128095,33.51021054859888,81.27301691307395,0,0,1,0,0,0,False,False,300,897.378292636804,34603.43011443193,1.466967723343213
2025-01-15,113.7890073789282,116.43277312725722,113.47763825486395,114.4252945225005,6481140,72.92623698712595,106.35006852821861,33.42383154109267,83.73098118797454,0,0,1,0,0,0,False,False,300,897.378292636804,35224.96664938696,1.796170301324563
2025-01-16,113.74838721851425,117.51213505598844,111.58662788907615,116.59697679432438,24991831,75.33259209662423,108.6271592540199,33.294567157395676,86.15403429192033,0,0,1,0,0,0,False,False,300,897.378292636804,35876.47133093412,1.8495537214610713
2025-01-17,117.23487580088957,121.57285786872815,116.18912717290544,119.6192378176893,32247234,77.77091976813618,111.06984337927976,33.29892361114358,88.61103217965046,0,0,1,0,0,0,False,False,300,897.378292636804,36783.1496379436,2.527222643068881
2025-01-20,119.3773765079245,123.2218342238178,118.93536284092484,122.1490361077554,39535694,80.2234572699561,113.5318862078299,33.3084289378738,91.0735552075746,0,0,1,0,0,0,False,False,300,897.378292636804,37542.08912496343,2.0632803185427804
2025-01-21,121.8831406162256,124.27626680043086,120.56216882883795,123.34637224230073,6290717,82.64920641516161,115.71288310437897,33.06367668921736,93.5222683269053,0,0,1,0,0,0,False,False,300,897.378292636804,37901.28996532703,0.9567950232283431
2025-01-22,124.70167362826507,126.88698968520585,122.52451749385281,125.72359437125971,35072781,85.0770397316054,117.93748560813026,32.860445876524864,95.97990336665029,0,0,1,0,0,0,False,False,300,897.378292636804,38614.45660401472,1.8816421270624581
2025-01-23,126.76133747373548,128.36831281255485,124.90498135507889,127.59920129194667,20659206,87.4918083614508,120.08453353786723,32.59272517641644,98.40990848553287,0,0,1,0,0,0,False,False,300,897.378292636804,39177.1386802208,1.457179838049514
2025-01-24,128.63723308991652,131.15218765023727,126.56215720234204,129.2200649962733,1797968,89.88280935583661,122.11465163973526,32.231842283898644,100.82967017588322,0,0,1,0,0,0,False,False,300,897.378292636804,39663.397791518786,1.2411807693946824
2025-01-27,130.90700555939068,132.85360325867236,129.182218402422,131.5311355828817,37210403,92.26568455155329,124.20720362710114,31.941519075547845,103.22876982646311,0,0,1,0,0,0,False,False,300,897.378292636804,40356.71896750131,1.7480125621783555
2025-01-28,131.55876217429727,134.63012024428437,129.7372612160924,134.00775420877653,30163439,94.64721416642824,126.38510375636233,31.737889589934085,105.634577973623,0,0,1,0,0,0,False,False,300,897.378292636804,41099.70455526977,1.8410455725272814
2025-01-29,134.92162407036895,138.7885088291,132.63012694111518,136.335627549599,32007736,97.02278659122803,128.5963312659705,31.573544674742465,108.03292526117274,0,0,1,0,0,0,False,False,300,897.378292636804,41798.066557516504,1.699189835556113
2025-01-30,135.91262341991953,138.56542861161006,135.23396273855792,137.50965363392734,20651515,99.35906293563838,130.5770695699609,31.218006634322535,110.3854788965071,0,0,1,0,0,0,False,False,300,897.378292636804,42150.27438281501,0.8426414289135851
2025-01-31,137.95541366243194,140.41781189644524,136.60503719610972,138.90773792880375,8339838,101.65829649244729,132.42832920525933,30.77003271281204,112.64333012372191,0,0,1,0,0,0,False,False,300,897.378292636804,42569.69967127794,0.9950713123564551
2025-02-03,138.72695915591015,143.1429019970661,138.11320489190595,140.59401099829415,47791381,103.9268164847167,134.2429251592671,30.316108674550392,114.85993680694204,0,0,1,0,0,0,False,False,300,897.378292636804,43075.58159212505,1.1883614983274886
2025-02-04,140.7303815159839,144.34879181864434,137.95048360445392,142.56885390580604,17520181,106.17289816670448,136.09313154738686,29.920233380682376,117.07002619380462,0,0,1,0,0,0,False,False,300,897.378292636804,43668.03446437861,1.3753798564193316
2025-02-05,143.41736245591133,143.90688119690816,140.70947244591687,143.5712173167792,15467188,108.36694314611164,137.75492838502961,29.387985238917977,119.19254978121006,0,0,1,0,0,0,False,False,300,897.378292636804,43968.74348767057,0.6886250480022315
2025-02-06,142.39648792152326,147.3675598765345,142.28420313214687,144.64865090144394,3938199,110.51074556452772,139.2868667220106,28.776121157482862,121.27750854976718,0,0,1,0,0,0,False,False,300,897.378292636804,44291.97356306999,0.7351360301893971
2025-02-07,147.67526086735643,149.52919987707367,143.024332507574,145.0715096160633,49841287,112.58386195743549,140.57234292068898,27.988480963253494,123.26690438755769,0,0,1,0,0,0,False,False,300,897.378292636804,44418.831177455795,0.2864121965691323
2025-02-10,143.6120650137217,146.31089550419568,140.95452858343097,145.3374092168668,9998604,114.57998596267701,141.63124654206183,27.051260579384817,125.20512570216111,0,0,1,0,0,0,False,False,300,897.378292636804,44498.60105769684,0.17958572552789548
2025-02-11,143.57273894403488,147.11354869505286,143.05422500632096,146.70491075523728,39464208,116.52894091328105,142.75872747832304,26.22978656504199,127.12056051174955,0,0,1,0,0,0,False,False,300,897.378292636804,44908.851519207994,0.9219401324082604
2025-02-12,148.40391627865225,150.76064523288446,146.61020372358777,148.29466871990482,43721553,118.44158446192736,143.988936643119,25.547352181191627,128.98736198003706,0,0,1,0,0,0,False,False,300,897.378292636804,45385.77890860825,1.0619897264490668
2025-02-13,149.46866228929622,151.32229119630966,146.1966842586819,148.92343754485995,37857821,120.29206469663922,145.08549239906142,24.793427702422207,130.75707258142165,0,0,1,0,0,0,False,False,300,897.378292636804,45574.40955609479,0.4156161952544217
2025-02-14,149.8528982308127,151.69507686717967,149.75116016532544,150.09369394971617,9025407,122.09479929722006,146.1984260769847,24.10362677976464,132.46480841928062,0,0,1,0,0,0,False,False,300,897.378292636804,45925.48647755166,0.7703378384414447
2025-02-17,151.03680093533808,153.73701445781492,148.67236513876887,150.7754421215422,22131601,123.83877554989608,147.21554075355303,23.376765203656944,134.09980373064235,0,0,1,0,0,0,False,False,300,897.378292636804,46130.01092909946,0.4453397606311006
2025-02-18,150.75697699563665,153.13470762826464,149.85399082135726,150.75050105836968,49055661,125.50262367030595,148.00108748795674,22.498463817650787,135.64074997021433,0,0,1,0,0,0,False,False,300,897.378292636804,46122.52861014771,-0.016220067589510063
2025-02-19,149.39788559758665,151.68658156939645,146.6358288567125,151.22783230385778,26554414,127.1014201122412,148.7181418914903,21.61672177924909,137.1359163637223,0,0,1,0,0,0,False,False,300,897.378292636804,46265.72798379413,0.31047598204517085
2025-02-20,151.34246989400168,153.26034485860941,148.40322282931643,152.31077228095032,27931806,128.65087190088218,149.5165042002592,20.865632299377012,138.59305012366266,0,0,1,0,0,0,False,False,300,897.378292636804,46590.6099769219,0.7022087564288787
2025-02-21,151.27938204855533,153.10768828073662,148.42242102931056,152.35053919205455,14476005,130.1212211655306,150.14628975399148,20.02506858846087,139.96818713896,0,0,1,0,0,0,False,False,300,897.378292636804,46602.54005025317,0.025606175444321654
2025-02-24,153.83613936368462,156.12505587455075,151.80000866619116,153.2535085160097,45721695,131.53877736544806,150.83678281221773,19.29800544676968,141.26181293504925,0,0,1,0,0,0,False,False,300,897.378292636804,46873.43084743971,0.5812790394996279
2025-02-25,153.0281379193259,153.13076604027626,148.93792797249435,151.5507929182296,4151882,132.83211150838497,150.9954517246648,18.163340216279835,142.3926497354521,0,0,1,0,0,0,False,False,300,897.378292636804,46362.616168105684,-1.0897744630568873
2025-02-26,150.2997453709728,153.550705230099,147.7610341799122,151.82028889815416,33134444,134.0571141995641,151.1787488743291,17.121634674765005,143.48780037606184,0,0,1,0,0,0,False,False,300,897.378292636804,46443.464962083046,0.17438358889026773
2025-02-27,151.33235998487882,153.86975456229806,150.36655543111496,151.55861097555592,31319320,135.20073401750685,151.26316267460174,16.062428657094898,144.48145486084246,0,0,1,0,0,0,False,False,300,897.378292636804,46364.96158530358,-0.16902997406321352
2025-02-28,152.18444415193724,154.85304597357936,148.47483538353922,150.97779194343957,4210016,136.2550221232711,151.19974695656572,14.944724833294629,145.3806314243614,0,0,1,0,0,0,False,False,300,897.378292636804,46190.71587566867,-0.3758133376522434
2025-03-03,150.12669306097308,151.57689395308137,150.01557638461617,150.54690696908625,7737320,137.22334492643765,151.0546714037925,13.83132647735485,146.2008945771619,0,0,1,0,0,0,False,False,300,897.378292636804,46061.45038336268,-0.2798516755053815
2025-03-04,149.30907959509202,151.7615030405185,147.01275620907782,148.78710154827556,36943815,138.0680115536389,150.55076699145542,12.482755437816508,146.8645855758309,0,0,1,0,0,0,False,False,300,897.378292636804,45533.508757119474,-1.1461680469225901
2025-03-05,149.14967668709818,149.4796904430622,147.32925825606276,148.01013101891198,24773962,138.8166641937538,149.9861812197791,11.16951702602529,147.40313853006688,0,0,1,0,0,0,False,False,300,897.378292636804,45300.41759831039,-0.5119112608967055
2025-03-06,148.37270636176254,150.88451470837788,147.14927008369153,147.50495434332944,49018519,139.481095465736,149.43479746945695,9.953702003720963,147.83272802213344,0,0,0,1,0,0,False,True,300,897.378292636804,45148.864595635634,-0.3345510057293841
2025-03-07,146.75718804395163,147.97814613126368,146.53131933430998,147.60179502315762,23750760,140.08225658761572,149.02746359250153,8.945207004885816,148.22088730633462,0,0,0,1,0,0,False,False,0,45148.864595635634,45148.864595635634,0.0
2025-03-10,146.9065340288183,148.07381600621676,144.39528684798717,146.43450083463668,33942480,140.58472458159642,148.45124964630935,7.866525064712931,148.51037818732817,0,0,0,1,0,0,False,False,0,45148.864595635634,45148.864595635634,0.0
2025-03-11,146.77430200209344,149.11475141812937,144.04498516507107,145.03083214145767,39836811,140.9841288328986,147.69115686745343,6.707028034554838,148.68102515437292,0,0,0,1,0,0,False,False,0,45148.864595635634,45148.864595635634,0.0
2025-03-12,142.93066337087396,144.18435423370863,140.8588354619985,143.75333164066097,10825144,141.28528542458332,146.8160845948329,5.530799170249566,148.7265819903289,0,0,0,1,0,0,False,False,0,45148.864595635634,45148.864595635634,0.0
2025-03-13,141.73005557335927,143.9296900935304,141.54479641708915,143.27278039743098,37097069,141.5124408259583,146.0286836620769,4.516242836118607,148.71510364727703,0,0,0,1,0,0,False,False,0,45148.864595635634,45148.864595635634,0.0
2025-03-14,142.24344538603793,144.44842363850444,141.34648570703885,142.3915700941441,9033951,141.65890478024622,145.2204362025363,3.5615314222900736,148.62829284699626,0,0,0,1,0,0,False,False,0,45148.864595635634,45148.864595635634,0.0
2025-03-17,142.08763934350037,144.1338051778784,139.43056069182106,140.95140176988002,12779534,141.7134933778236,144.27176188416823,2.558268506344632,148.4698271606046,0,0,0,1,0,0,False,False,0,45148.864595635634,45148.864595635634,0.0
2025-03-18,141.389630341799,143.20266287796244,137.88256732982387,140.0981442906553,38712981,141.69724023692171,143.344291307832,1.647051070910294,148.26831697113494,0,0,0,1,0,0,False,False,0,45148.864595635634,45148.864595635634,0.0
2025-03-19,142.16509097227845,144.13819584703316,138.07544401985692,138.96132945132447,32029339,141.60423001859917,142.37029978416368,0.7660697655645095,147.97048692098446,0,0,0,1,0,0,False,False,0,45148.864595635634,45148.864595635634,0.0
2025-03-20,140.15314466589322,141.67443541433747,136.58732841274835,138.3187790326652,10734816,141.45148594026747,141.46996183938623,0.018475899118755024,147.5867988560906,0,0,0,1,0,0,False,False,0,45148.864595635634,45148.864595635634,0.0
2025-03-21,138.09755401081696,138.79301069356248,134.22901003620171,136.6503942073093,44721639,141.2139976985278,140.3989468100358,-0.81505088849201,147.11475872772328,0,1,0,1,0,1,False,False,0,45148.864595635634,45148.864595635634,0.0
2025-03-24,136.62440848424697,137.5690186968039,133.52341652031416,135.1885697922757,42965471,140.90174446200245,139.24108525053356,-1.6606592114688965,146.54148472166787,0,0,0,1,0,0,False,False,0,45148.864595635634,45148.864595635634,0.0
2025-03-25,133.83326468247427,134.31934098844263,133.05259446107567,133.67541354360756,17052465,140.51533558563426,138.0042693156611,-2.5110662699731563,145.88379131482424,0,0,0,1,0,0,False,False,0,45148.864595635634,45148.864595635634,0.0
2025-03-26,133.65066603250983,136.07896648410676,131.4480348918021,131.512214908362,43590048,140.0384996923316,136.56159055848354,-3.4769091338480678,145.1438572321316,0,0,0,1,0,0,False,False,0,45148.864595635634,45148.864595635634,0.0
2025-03-27,131.1325935387938,132.66262712073245,128.13383638786917,130.4031083423056,9962049,139.50171535402583,135.19303895488844,-4.308676399137397,144.34290631053346,0,0,0,1,0,0,False,False,0,45148.864595635634,45148.864595635634,0.0
2025-03-28,130.823943376184,131.87276263716296,129.2218206726492,129.2768135058469,13851424,138.90622649545745,133.87832218843477,-5.0279043070226805,143.45698481918333,0,0,0,1,0,0,False,False,0,45148.864595635634,45148.864595635634,0.0
2025-03-31,128.20739570168809,129.39204691937366,125.76701425026616,128.00636182634054,42839392,138.25284487065403,132.57344210796938,-5.679402762684646,142.52067030511742,0,0,0,1,0,0,False,False,0,45148.864595635634,45148.864595635634,0.0
2025-04-01,128.6711584044926,131.10891929739515,125.26771687417545,126.60706038755552,33356072,137.54347156949274,131.24757950343297,-6.295892066059764,141.49580691556147,0,0,0,1,0,0,False,False,0,45148.864595635634,45148.864595635634,0.0
2025-04-02,128.54761606872427,128.94187521455157,122.18116297284053,124.51981366968137,30536204,136.76119502165915,129.75252042926596,-7.0086745923931915,140.4561538675404,0,0,0,1,0,0,False,False,0,45148.864595635634,45148.864595635634,0.0
2025-04-03,124.38438573547603,125.84274248658043,121.0895676731272,123.0554604506957,19827165,135.92765826930503,128.26428487847255,-7.663373390832476,139.34981431186893,0,0,0,1,0,0,False,False,0,45148.864595635634,45148.864595635634,0.0
2025-04-04,123.54978866000899,124.79983744724234,119.24106220941661,121.66942356918906,9388512,135.04886045675843,126.79876014307622,-8.25010031368221,138.20023018085482,0,0,0,1,0,0,False,False,0,45148.864595635634,45148.864595635634,0.0
2025-04-07,122.50911778570138,124.00729216468997,119.20263838222652,120.04465999506961,2947763,134.12000967969206,125.29784899907474,-8.822160680617316,137.01049433668675,0,0,0,1,0,0,False,False,0,45148.864595635634,45148.864595635634,0.0
2025-04-08,119.56301624376364,119.60632240781062,117.02333733997672,118.8468962800135,28050901,133.1567633390661,123.86430395039447,-9.292459388671617,135.79126315633778,0,0,0,1,0,0,False,False,0,45148.864595635634,45148.864595635634,0.0
2025-04-09,119.11322323944202,121.19085303661242,117.08721491203558,118.03606175483473,42208934,132.17631300397517,122.56913901804786,-9.607173985927304,134.60853085659008,0,0,0,1,0,0,False,False,0,45148.864595635634,45148.864595635634,0.0
2025-04-10,118.05092532879794,120.37039510805008,116.9179301084058,118.16747385259198,34138881,131.20988042478814,121.59099120350211,-9.618889221286025,133.46073635019314,0,0,0,1,0,0,False,False,0,45148.864595635634,45148.864595635634,0.0
2025-04-11,118.2828952308049,119.61980701372356,115.85752424054785,117.33002892352953,38436581,130.23741724009707,120.64411069684154,-9.593306543255537,132.30016229558544,0,0,0,1,0,0,False,False,0,45148.864595635634,45148.864595635634,0.0
2025-04-14,116.42305632055019,118.23017604773153,114.38873312313235,116.60550956163755,22650278,129.2611164603823,119.74664377790731,-9.514472682475002,131.10799747014238,0,0,0,1,0,0,False,False,0,45148.864595635634,45148.864595635634,0.0
2025-04-15,116.63408977522664,118.78598728806313,113.4716986693182,115.74984892714865,9439469,128.28173607660412,118.85846714440538,-9.423268932198738,129.9278185506236,0,0,0,1,0,0,False,False,0,45148.864595635634,45148.864595635634,0.0
2025-04-16,116.32628119692505,117.97169000189444,112.11091414984656,113.86043302147661,25455289,127.27220382111736,117.74779289486565,-9.524410926251704,128.72895704600893,0,0,0,1,0,0,False,False,0,45148.864595635634,45148.864595635634,0.0
2025-04-17,115.51271141707552,115.86511538595535,112.23816356719259,113.18385264545243,16941617,126.26786271707907,116.7335839505516,-9.534278766527464,127.55320785388554,0,0,0,1,0,0,False,False,0,45148.864595635634,45148.864595635634,0.0
2025-04-18,114.26959232371952,115.58663704326284,111.69204421671985,112.6412881266735,39400142,125.27552874779076,115.82418487857869,-9.451343869212067,126.37507353577948,0,0,0,1,0,0,False,False,0,45148.864595635634,45148.864595635634,0.0
2025-04-21,115.06666058253208,116.4629140687811,111.95064239281147,113.62682509634752,43664041,124.33885778918864,115.33588270474955,-9.002975084439086,125.26873718971038,0,0,0,1,0,0,False,False,0,45148.864595635634,45148.864595635634,0.0
2025-04-22,112.75491242318363,114.0689098507618,112.21644649998836,113.10944614428547,49243574,123.41892966301876,114.84111902464642,-8.577810638372341,124.19789274257212,0,0,0,1,0,0,False,False,0,45148.864595635634,45148.864595635634,0.0
2025-04-23,114.09612318508252,115.77663182961817,112.73319314197624,112.98282669353718,47462256,122.5294421457373,114.4281651732888,-8.101276972448503,123.15499591191374,0,0,0,1,0,0,False,False,0,45148.864595635634,45148.864595635634,0.0
2025-04-24,113.189971674137,115.30519119283605,111.95295099310744,112.75264270179967,15391234,121.67208269840884,114.05582684629123,-7.616255852117618,122.14696949847047,0,0,0,1,0,0,False,False,0,45148.864595635634,45148.864595635634,0.0
2025-04-25,115.22170337896412,117.35461499198519,111.30075260377144,111.94384534896982,25035962,120.83095228698502,113.58649762466425,-7.244454662320777,121.13254897217449,0,0,0,1,0,0,False,False,0,45148.864595635634,45148.864595635634,0.0
2025-04-28,111.03900516645348,113.64261560734933,110.38096998808999,112.6270811579031,2443717,120.0482974305919,113.373293965384,-6.675003465207908,120.20857539335118,0,0,0,1,0,0,False,False,0,45148.864595635634,45148.864595635634,0.0
2025-04-29,111.68132695720952,113.44039982129642,111.15953448471465,113.18406497453583,5409352,119.32235087906052,113.33124307852884,-5.99110780053168,119.36224828497657,0,0,0,1,0,0,False,False,0,45148.864595635634,45148.864595635634,0.0
2025-04-30,112.50564801326388,116.11870483173843,112.4109335817242,113.87571491945896,32050824,118.66056350977567,113.45223682095775,-5.20832668881792,118.600721414817,0,0,0,1,0,0,False,False,0,45148.864595635634,45148.864595635634,0.0
2025-05-01,111.45711347925734,115.56801394305627,111.41726993581928,113.66101380339283,22888358,118.03907356859894,113.49863170594332,-4.540441862655612,117.91413675693359,0,0,0,1,0,0,False,False,0,45148.864595635634,45148.864595635634,0.0
2025-05-02,113.06343531562823,115.23657823266834,110.82992958519387,114.94997878148516,16329502,117.50037861988034,113.82115327828595,-3.679225341594389,117.31978561997896,0,0,0,1,0,0,False,False,0,45148.864595635634,45148.864595635634,0.0
2025-05-05,114.07735594810586,116.78667281526344,113.10137138726141,114.67472698554342,44148703,117.002186107981,114.01083632434316,-2.991349783637844,116.75816690765959,0,0,0,1,0,0,False,False,0,45148.864595635634,45148.864595635634,0.0
2025-05-06,114.84719064958823,117.72640623706617,113.96441393522693,115.71323578011499,9421928,116.58164796376428,114.38914731451467,-2.1925006492496095,116.28535436742014,0,0,0,1,0,0,False,False,0,45148.864595635634,45148.864595635634,0.0
2025-05-07,116.10869267815865,119.05890951520408,114.53043352864354,117.83615191285057,26492849,116.27282176952761,115.15514833636709,-1.117673433160519,115.94801173377765,0,0,1,0,0,0,False,False,0,45148.864595635634,45148.864595635634,0.0
2025-05-08,120.04695943309362,121.46657579806674,117.65833745215923,118.17417692333467,43307399,116.0252924438758,115.82604357791544,-0.19924886596035662,115.70394878199508,0,0,1,0,0,0,False,False,0,45148.864595635634,45148.864595635634,0.0
2025-05-09,119.2973324713942,120.2493316358058,116.63279594655027,118.89164490160056,48081137,115.8481933818703,116.50728831651213,0.6590949346418284,115.54380203010679,1,0,1,0,1,0,True,False,0,45148.864595635634,45148.864595635634,0.0
2025-05-12,118.20575465588605,120.26609032917985,116.34674453890838,120.13451507069263,2308507,115.75515794443973,117.31333870633001,1.5581807618902843,115.48476708785694,0,0,1,0,0,0,False,False,300,9481.371125155463,45521.72564636325,0.8258481227978879
2025-05-13,119.05520896194432,121.95413903486809,118.84231205066865,121.1420096849911,21843837,115.73654282777932,118.16415447936582,2.4276116515865027,115.52697284516161,0,0,1,0,0,0,False,False,300,9481.371125155463,45823.97403065279,0.6639651287333938
2025-05-14,121.73793045537984,123.69268480120556,120.63213555720206,121.64809366369896,10331795,115.7770838102223,118.9383631869954,3.161279376773109,115.63471120607258,0,0,1,0,0,0,False,False,300,9481.371125155463,45975.79922426515,0.3313226249447587
2025-05-15,120.04205513544323,123.2641676026481,117.93143176850414,123.25274941123503,49641341,115.90663028485035,119.89711568127086,3.9904853964205103,115.83535303901105,0,0,1,0,0,0,False,False,300,9481.371125155463,46457.19594852597,1.0470654831090953
2025-05-16,125.5100726944836,126.34722280013371,121.95707402220066,124.30578717623119,13382318,116.10851131230018,120.87682045792872,4.768309145628535,116.0714420129972,0,0,1,0,0,0,False,False,300,9481.371125155463,46773.10727802482,0.6800051596933988
2025-05-19,125.77189950256609,127.41348839687174,124.59617998456076,126.40686328457281,10986298,116.41063571617894,122.10571886384962,5.6950831476706725,116.42055102688347,0,0,1,0,0,0,False,False,300,9481.371125155463,47403.430110527304,1.3476180420423434
2025-05-20,125.81379305945231,129.1715233862453,124.27028078780297,127.79796212800497,1100734,116.78953104391422,123.3706618114397,6.5811307675254795,116.85102997174376,0,0,1,0,0,0,False,False,300,9481.371125155463,47820.759763556955,0.8803785971955858
2025-05-21,125.60861111131564,133.20183686852826,125.18899307177428,130.795575965453,9546310,117.2887597854754,125.02064273455377,7.7318829490783685,117.4297117809093,0,0,1,0,0,0,False,False,300,9481.371125155463,48720.043914791364,1.880530873371301
2025-05-22,132.5663811350798,133.48465783695434,129.89004774823496,132.51698123280167,20628490,117.87099304276435,126.68649573416442,8.81550269140007,118.14727132749873,0,0,1,0,0,0,False,False,300,9481.371125155463,49236.465494995966,1.0599776574663897
2025-05-23,132.3651964875642,135.57160697683992,131.75189108207962,134.63734978478684,19003027,118.54385478175908,128.4533521898583,9.909497408099213,118.97240583285773,0,0,1,0,0,0,False,False,300,9481.371125155463,49872.57606059151,1.2919501008052594
2025-05-26,136.3039128624317,139.58860882604836,133.7339522705445,137.559601273475,27312911,119.32809890941292,130.47696309732868,11.148864187915763,119.93080249235011,0,0,1,0,0,0,False,False,300,9481.371125155463,50749.251507197965,1.7578306874330212
2025-05-27,135.3663129434435,140.63434089745928,133.60750751164028,139.37379429208397,4081091,120.19115751371781,132.4540366961632,12.262879182445388,120.92107053833996,0,0,1,0,0,0,False,False,300,9481.371125155463,51293.50941278065,1.072445187699945
2025-05-28,138.53842258055425,142.81802220080507,136.85452464242067,142.17933889603574,17002437,121.1614279007006,134.61521496280153,13.453787062100929,122.03914333648422,0,0,1,0,0,0,False,False,300,9481.371125155463,52135.17279396619,1.640876966347365
2025-05-29,142.18679435362876,147.06542413919092,140.7288436359613,145.7465937719079,21606265,122.25938128092011,137.0888546981585,14.829473417238404,123.29928822411385,0,0,1,0,0,0,False,False,300,9481.371125155463,53205.34925672783,2.052695724229956
2025-05-30,145.8150663870538,148.09230464931474,145.14236370887153,147.6762798341505,12091989,123.43707504482256,139.44161583949005,16.00454079466749,124.64250503689658,0,0,1,0,0,0,False,False,300,9481.371125155463,53784.255075400615,1.0880594277831612
2025-06-02,147.01163988905193,151.32146420268302,146.4926063796216,150.7895180290456,13681730,124.72441306378666,141.9633718816135,17.238958817826855,126.13656937074566,0,0,1,0,0,0,False,False,300,9481.371125155463,54718.22653386914,1.7365146308323605
2025-06-03,151.72871044007664,155.58853962683983,151.05962867663587,154.0530382358528,41819838,126.1201719031175,144.6499644047778,18.529792501660296,127.72987541220526,0,0,1,0,0,0,False,False,300,9481.371125155463,55697.2825959113,1.7892686295966669
2025-06-04,152.40833652756226,159.0530435865091,151.84004161959234,157.73148888883355,47289704,127.63381066160515,147.55696984567908,19.923159184073924,129.4432378704475,0,0,1,0,0,0,False,False,300,9481.371125155463,56800.81779180553,1.9813088618711825
2025-06-05,157.5069116072372,163.22980494056515,155.05111275186815,160.29686631845516,34283771,129.23105190839806,150.38805795074043,21.157006042342374,131.22866677040886,0,0,1,0,0,0,False,False,300,9481.371125155463,57570.43102069201,1.3549333597755215
2025-06-06,160.48969644640732,164.08728155495825,159.36586651516956,162.90655472379797,5755469,130.91289634370432,153.169946122531,22.257049778826683,133.12272603657829,0,0,1,0,0,0,False,False,300,9481.371125155463,58353.33754229485,1.3599108217922606
2025-06-09,163.74460930452435,168.64795034786945,163.55518077502433,166.71212796098524,16053770,132.70930521653125,156.17931986440973,23.470014647878486,135.11357792809753,0,0,1,0,0,0,False,False,300,9481.371125155463,59495.009513451034,1.956481015895091
2025-06-10,167.89847626713419,172.62465089834714,164.6442591681919,170.4690214096687,27098641,134.6169749819012,159.3548090966895,24.737834114788313,137.25951232902543,0,0,1,0,0,0,False,False,300,9481.371125155463,60622.07754805607,1.8943908805497722
2025-06-11,168.55185504135144,174.3256312056791,165.57258003395248,174.27998917063087,42528843,136.6346205124431,162.67151577978757,26.036895267344477,139.5120797671222,0,0,1,0,0,0,False,False,300,9481.371125155463,61765.367876344724,1.8859306287917144
2025-06-12,171.60633516000772,180.59120365572147,168.42217177489852,178.2260112728217,15150540,138.76120148755064,166.12807033379514,27.3668688462445,141.8347666655826,0,0,1,0,0,0,False,False,300,9481.371125155463,62949.17450700197,1.9166187644623829
2025-06-13,180.50316370944876,182.27571938013662,176.91148351770954,181.62898952490377,46221400,140.9798538470414,169.57271904293037,28.592865195888976,144.27533638102759,0,0,1,0,0,0,False,False,300,9481.371125155463,63970.0679826266,1.6217742069216088
2025-06-16,182.23256810691197,189.21579528616712,181.5987805499748,185.64739133952602,28346162,143.30548369658322,173.14486844217384,29.83938474559062,146.84286509017858,0,0,1,0,0,0,False,False,300,9481.371125155463,65175.58852701327,1.8845072115822599
2025-06-17,184.2578456098812,190.32964735882365,182.7976315950189,189.7654264402668,2992825,145.73911816519623,176.83832577508338,31.099207609887145,149.52097706593142,0,0,1,0,0,0,False,False,300,9481.371125155463,66410.9990572355,1.8955111233252477
2025-06-18,192.70897660135373,194.94035967050462,189.7865893878996,193.33711503242006,4832978,148.26020603699936,180.50472338782487,32.244517350825504,152.29771188698638,0,0,1,0,0,0,False,False,300,9481.371125155463,67482.50563488148,1.6134474602957212
2025-06-19,193.56075703318615,198.84869976561797,190.86631147836218,198.5098447783744,31559798,150.91311892911932,184.50586147461365,33.59274254549433,155.25393308370468,0,0,1,0,0,0,False,False,300,9481.371125155463,69034.32455866778,2.2995869954540735
2025-06-20,200.85086578793522,206.94035557336994,200.23266326734364,202.89513681897796,7152941,153.67108931033607,188.5923671066946,34.92127779635854,158.31710183015633,0,0,1,0,0,0,False,False,300,9481.371125155463,70349.91217084885,1.905700708439669
2025-06-23,203.03212853421311,208.3960471079168,199.71932181630183,206.32375193324287,38670243,156.50400972212066,192.53267484592754,36.02866512380689,161.4716389361952,0,0,1,0,0,0,False,False,300,9481.371125155463,71378.49670512832,1.4620978229247625
2025-06-24,210.57556436974582,213.4094035563927,209.63033036810637,210.89809227001376,43537644,159.44359947169949,196.6138787179467,37.17027924624722,164.7213015894814,0,0,1,0,0,0,False,False,300,9481.371125155463,72750.79880615958,1.9225707522258175
2025-06-25,214.60007261956287,214.88796495793528,213.56495870088312,214.5252492932038,44992967,162.45773519421033,200.59418329022606,38.13644809601573,168.05696648045063,0,0,1,0,0,0,False,False,300,9481.371125155463,73838.94591311661,1.4957184317059282
2025-06-26,213.99115833302838,222.52388386715933,211.69300275802496,219.23552432809316,37286070,165.5719810817112,204.7367035208632,39.164722439152,171.45850295593678,0,0,1,0,0,0,False,False,300,9481.371125155463,75252.02842358341,1.9137360277725561
2025-06-27,221.36555299663738,225.1304023035357,218.74042346523692,224.18923083425756,11556086,168.79061415637653,209.05948736828415,40.26887321190762,174.98435870983894,0,0,1,0,0,0,False,False,300,9481.371125155463,76738.14037543273,1.9748463702323076
2025-06-30,225.6360942116218,232.06493605227823,223.01832648677072,227.97034119673836,24289643,172.0761640090483,213.26189933016286,41.18573532111455,178.57408914876012,0,0,1,0,0,0,False,False,300,9481.371125155463,77872.47348417697,1.4781868614415692
2025-07-01,231.0904152281711,233.7865534365201,230.66758060332793,232.83129487405162,37458065,175.45242927723677,217.61065389547147,42.1582246182347,182.2383850564746,0,0,1,0,0,0,False,False,300,9481.371125155463,79330.75958737095,1.8726592824745634
2025-07-02,230.58465108623946,238.27099680924078,226.53807094921032,237.36574216250864,23489029,178.9070982303144,222.00067351036864,43.09357528005424,186.007306128414,0,0,1,0,0,0,False,False,300,9481.371125155463,80691.09377390805,1.7147625884495654
2025-07-03,238.99419330215068,242.32107362995245,237.72465594376058,242.14406792487162,2940369,182.44181669765163,226.4769833802582,44.03516668260656,189.85210339875385,0,0,1,0,0,0,False,False,300,9481.371125155463,82124.59150261695,1.7765253408579134
2025-07-04,244.70698003324216,249.89733326100105,244.07311592811502,247.56003507125286,42681557,186.0725920740057,231.16210597825702,45.089513904251305,193.76800498719024,0,0,1,0,0,0,False,False,300,9481.371125155463,83749.38164653131,1.9784453282334875
2025-07-07,243.20609898185182,254.52119139479282,238.88311991220093,251.67802932872604,18994276,189.75809748671952,235.72120005613903,45.963102569419505,197.7680722754431,0,0,1,0,0,0,False,False,300,9481.371125155463,84984.77992377327,1.4751133118284008
2025-07-08,248.70002762218442,255.8086761858916,243.946616542046,255.47294059914103,49226615,193.48697425378745,240.1104757323617,46.62350147857424,201.79435775890832,0,0,1,0,0,0,False,False,300,9481.371125155463,86123.25330489776,1.3396203204216612
2025-07-09,250.2632541889734,263.18273015352435,245.94807692851265,259.1629693543448,26955176,197.24990625001922,244.34436320391347,47.09445695389425,205.83704741731182,0,0,1,0,0,0,False,False,300,9481.371125155463,87230.2619314589,1.2853771589910166
2025-07-10,258.46476660255473,265.25165207734557,254.28013893625908,262.8685445523051,39233146,201.04183922783793,248.4608479480005,47.419008720162566,209.88078032744536,0,0,1,0,0,0,False,False,300,9481.371125155463,88341.934490847,1.2744115800793927
2025-07-11,264.75473743666373,269.78357247054225,261.28516906583246,266.9835014657494,42664130,204.87130437504305,252.57699317416692,47.70568879912386,213.98411244849515,0,0,1,0,0,0,False,False,300,9481.371125155463,89576.42156488028,1.3973964699190373
2025-07-14,270.99454692795297,273.70217612048424,268.00896005655005,271.31050485264325,15609307,208.73866756940706,256.7399957693839,48.001328199976825,218.15349514575843,0,0,1,0,0,0,False,False,300,9481.371125155463,90874.52258094844,1.4491548036755924
2025-07-15,271.5115317754696,277.76362544822393,271.03917360691497,275.55498030132395,36876898,212.63870014510306,260.92110344314835,48.282403298045296,222.33975869730995,0,0,1,0,0,0,False,False,300,9481.371125155463,92147.86521555265,1.401209710312319
2025-07-16,280.0427115471072,283.2159761636277,277.7550246405383,280.08108276459683,8778748,216.57855383745476,265.17887662569245,48.60032278823769,226.555607210961,0,0,1,0,0,0,False,False,300,9481.371125155463,93505.69595453452,1.473534667141363
2025-07-17,276.21567965717855,284.9472976087027,274.1568314166389,284.06533017436954,42654364,220.53732049415885,269.3758663031762,48.838545809017376,230.77812032648941,0,0,1,0,0,0,False,False,300,9481.371125155463,94700.97017746633,1.2782902803193839
2025-07-18,279.2266112238831,289.9070438775942,277.77600784804355,288.856023152107,2946830,224.5352645315185,273.7047900473831,49.16952551586459,235.033120783385,0,0,1,0,0,0,False,False,300,9481.371125155463,96138.17807078757,1.5176274230643776
2025-07-21,288.69557027812175,297.59593015653417,284.51860663268195,292.553561109721,33997728,228.5393798919919,277.8934058390137,49.354025947021825,239.2994504597241,0,0,1,0,0,0,False,False,300,9481.371125155463,97247.43945807176,1.153819855486994
2025-07-22,293.67715825758495,303.61394401867483,290.76461072304846,297.97555835669147,41793419,232.59735105736175,282.3561063984977,49.758755341135924,243.61976457576898,0,0,1,0,0,0,False,False,300,9481.371125155463,98874.0386321629,1.6726395914953107
2025-07-23,297.8781359985048,304.32571689596506,297.39529808401875,302.0704029838401,10957168,236.66836703786555,286.73706119524047,50.06869415737492,247.93918675052177,0,0,1,0,0,0,False,False,300,9481.371125155463,100102.49202030749,1.242442814250511
2025-07-24,295.8252723007921,306.8539082400933,294.5225571873348,305.20127584665136,39214493,240.7195688531404,290.8402200066651,50.120651153524705,252.24165447414606,0,0,1,0,0,0,False,False,300,9481.371125155463,101041.75387915087,0.938300176036415
2025-07-25,304.92928034902326,312.09466454199395,300.7623682871256,308.12600441986484,33880340,244.74164004070164,294.6815054318206,49.93986539111896,256.4576606142034,0,0,1,0,0,0,False,False,300,9481.371125155463,101919.17245111492,0.8683722701542493
2025-07-28,304.10659466908345,314.4511247527463,303.64355674050694,311.9014293092854,37159646,248.75558304568898,298.50815518236834,49.75257213667936,260.650210325369,0,0,1,0,0,0,False,False,300,9481.371125155463,103051.79991794108,1.111299708962434
2025-07-29,313.9901475607782,315.3287859877928,308.6447358698397,315.1687662599267,42478073,252.7448910404709,302.21051319960355,49.465622159132664,264.8365570302415,0,0,1,0,0,0,False,False,300,9481.371125155463,104032.00100313348,0.9511731827808161
2025-07-30,316.32416942928063,319.90704856660415,313.19163315121085,318.9110727199231,36783612,256.72108948937154,305.92174864856344,49.2006591591919,268.9909024321611,0,0,1,0,0,0,False,False,300,9481.371125155463,105154.6929411324,1.079179413231796
2025-07-31,315.9136920110688,327.03551696151584,312.8772144115843,322.41866081736777,11717207,260.6746060420945,309.58772913051996,48.913123088425436,273.14064902924434,0,0,1,0,0,0,False,False,300,9481.371125155463,106206.9693703658,1.0006937396721682
2025-08-01,320.76185798410734,329.79550372389076,316.9614215502746,325.5058320050999,16540627,264.5918330903365,313.12508532487107,48.53325223453459,277.22796855528304,0,0,1,0,0,0,False,False,300,9481.371125155463,107133.12072668543,0.8720250298169722
2025-08-04,322.05803021796476,328.21134054829696,316.7461276690827,328.03357264379207,17169764,268.45480850000064,316.4380825068535,47.98327400685287,281.2219817018036,0,0,1,0,0,0,False,False,300,9481.371125155463,107891.44291829309,0.707831701778076
2025-08-05,327.827964161706,331.52869951174654,325.54753247084057,330.06340177441035,10384451,272.24505850463896,319.46593123297725,47.22087272833829,285.14863787786794,0,0,1,0,0,0,False,False,300,9481.371125155463,108500.39165747857,0.5644087452298132
2025-08-06,333.21597700924383,334.75593329138997,328.12473162588003,332.6353747659572,5188891,275.97815819521117,322.3924742403061,46.41431604509495,288.98725633524884,0,0,1,0,0,0,False,False,300,9481.371125155463,109271.98355494262,0.7111420389152747
2025-08-07,329.3565012375633,340.4023440350164,325.6299512315651,335.88872016036817,10014653,279.6729468719928,325.3916400003199,45.71869312832712,292.77660164285885,0,0,1,0,0,0,False,False,300,9481.371125155463,110247.98717326591,0.8931874269789815
2025-08-08,337.581755550354,338.7885470785027,335.7788781058466,338.6550456172558,15064147,283.31321795761284,328.3390634707501,45.025845513137256,296.4885623233352,0,0,1,0,0,0,False,False,300,9481.371125155463,111077.8848103322,0.7527553639251638
2025-08-11,336.8593014378676,341.15169621085596,330.93980776934836,340.44283579323115,21808635,286.8709912028859,331.0287906535237,44.15779945063781,300.06097773571895,0,0,1,0,0,0,False,False,300,9481.371125155463,111614.22186312481,0.48284773671052794
2025-08-12,337.7435570388431,348.46568978710536,332.35704701858594,342.9786076826208,39049943,290.36422454396916,333.68430554887857,43.32008100490941,303.572538441638,0,0,1,0,0,0,False,False,300,9481.371125155463,112374.9534299417,0.6815722531755781
2025-08-13,342.6115164442509,346.7717018900043,338.0996528126945,345.53782321255477,33884400,293.7946227484189,336.3184205852511,42.523797836832216,307.0365723883078,0,0,1,0,0,0,False,False,300,9481.371125155463,113142.71808892189,0.6832168873456647
2025-08-14,341.96066942669177,351.764574938438,336.1433594770282,347.23149480330903,3363999,297.1391855216596,338.74354818926395,41.604362667604335,310.4238233671141,0,0,1,0,0,0,False,False,300,9481.371125155463,113650.81956614817,0.44908014038248184
2025-08-15,345.30905004438387,351.1083734764002,339.3193593115352,349.4437438219424,43663528,300.4105422441345,341.1213694409703,40.710827196835794,313.7536387236386,0,0,1,0,0,0,False,False,300,9481.371125155463,114314.49427173818,0.5839594541627802
2025-08-18,345.25783446766457,352.19410861516445,340.3664771205105,351.4950454777581,5790691,303.60597217150104,343.4266307824787,39.82065861097766,317.00408272410044,0,0,1,0,0,0,False,False,300,9481.371125155463,114929.8847684829,0.5383311194832957
2025-08-19,358.4009569772155,360.1440198965045,346.8179331914694,352.7226036000368,28950196,306.702731107247,345.49240251971383,38.78967141246682,320.13531729130784,0,0,1,0,0,0,False,False,300,9481.371125155463,115298.1522051665,0.32042791779130847
2025-08-20,352.84698611867327,359.8729084941462,347.9249720555974,354.74844704558274,22003105,309.7246950086366,347.5493013032402,37.8246062946036,323.1812198583948,0,0,1,0,0,0,False,False,300,9481.371125155463,115905.90523883028,0.5271142876447183
2025-08-21,352.26618167239724,362.9012150868888,347.47436981904286,356.79504980772333,10852415,312.67694273412997,349.6039120820143,36.926969347884324,326.1317570523612,0,0,1,0,0,0,False,False,300,9481.371125155463,116519.88606747246,0.5297235092353885
2025-08-22,357.558519536806,365.0172626478276,353.1347241655411,359.0553647223901,18066318,315.5669530406889,351.7042348909867,36.137281850297825,329.015989150362,0,0,1,0,0,0,False,False,300,9481.371125155463,117197.98054187249,0.5819560053529145
2025-08-25,358.65204483388715,364.0693858010942,353.25277759473033,361.20013094296274,44279777,318.39242593186447,353.81443401364805,35.42200808178359,331.79845483462566,0,0,1,0,0,0,False,False,300,9481.371125155463,117841.41040804429,0.5490110522355982
2025-08-26,360.4019884601046,366.6240469320191,359.2587565535536,361.7899176018014,49115625,321.10908593767914,355.58676369990434,34.4776777622252,334.4613916227826,0,0,1,0,0,0,False,False,300,9481.371125155463,118018.34640569588,0.15014755597282464
2025-08-27,364.0119107998262,365.50424530099156,356.1624779892152,362.5496659795904,34321714,323.72020931732317,357.1340753176123,33.41386600028915,336.9450111467403,0,0,1,0,0,0,False,False,300,9481.371125155463,118246.27091903257,0.19312634033456752
2025-08-28,365.2960076521365,367.43772156246916,357.74099896109647,364.0895818705628,12186361,326.2487404761781,358.67974344049026,32.43100296431214,339.330364180845,0,0,1,0,0,0,False,False,300,9481.371125155463,118708.24568632431,0.3906886565649705
2025-08-29,362.1580824604091,372.09276346440026,361.94623966158963,365.5398345287129,27256629,328.6949027512037,360.20420812676196,31.509305375558256,341.65107797630884,0,0,1,0,0,0,False,False,300,9481.371125155463,119143.32148376934,0.36650848888347015
2025-09-01,363.4349894846742,367.0002076896641,357.43237544351877,366.9047983271926,33371979,331.05903277740515,361.6932281713021,30.63419539389696,343.91180081889837,0,0,1,0,0,0,False,False,300,9481.371125155463,119552.81062331326,0.3436945809838807
2025-09-02,365.8956204524629,370.8225073864589,364.9525620501264,370.18942031707525,38998210,333.4005700362985,363.5812708703628,30.180700834064282,346.1536466268903,0,0,1,0,0,0,False,False,300,9481.371125155463,120538.19722027803,0.8242270439542639
2025-09-03,361.6679517011845,372.9695826212997,359.24391670925746,371.4252983345544,29175911,335.66619604265577,365.3243880846276,29.65819204197186,348.31735939899136,0,0,1,0,0,0,False,False,300,9481.371125155463,120908.96062552178,0.3075899704773223
2025-09-04,365.7974954114449,373.121755812168,360.3580262520609,372.92386597134066,34814548,337.8682315061568,367.01316094834164,29.144929442184832,350.39477452404583,0,0,1,0,0,0,False,False,300,9481.371125155463,121358.53091655766,0.3718254533907431
2025-09-05,378.02126633246223,379.39299539106673,373.03784757314486,374.24110680167365,7086368,340.00395984106063,368.619371137971,28.615411296910338,352.3879455234422,0,0,1,0,0,0,False,False,300,9481.371125155463,121753.70316565756,0.32562379102265393
2025-09-08,380.3972521792111,384.83300033319404,369.16851773767473,375.3083142361321,29207970,342.0735007238282,370.1058029375623,28.032302213734113,354.3034256092512,0,0,1,0,0,0,False,False,300,9481.371125155463,122073.86539599509,0.2629589261050418
2025-09-09,374.37366127423263,378.8980117488032,368.14307889676337,375.7311650017143,45561177,344.0618489073265,371.35588339626275,27.294034488936234,356.13794839224823,0,0,1,0,0,0,False,False,300,9481.371125155463,122200.72062566975,0.10391677961794567
2025-09-10,377.89746919590226,384.6442368046776,372.9148285361431,376.73848099961054,12950831,345.9861598748256,372.5520161970067,26.565856322181105,357.93314374706364,0,0,1,0,0,0,False,False,300,9481.371125155463,122502.91542503862,0.24729379484967348
2025-09-11,377.9110801039468,384.0894996907586,376.7229706589396,376.77109089600106,35812381,347.81928158769045,373.4895883523388,25.67030676464833,359.63067129052683,0,0,1,0,0,0,False,False,300,9481.371125155463,122512.69839395578,0.007985907015535018
2025-09-12,388.3714237054055,391.0264655359278,374.9095853506448,377.07427929458464,34535574,349.57112465777846,374.2861863395045,24.71506168172607,361.21473125722747,0,0,1,0,0,0,False,False,300,9481.371125155463,122603.65491353086,0.07424252405460356
2025-09-15,381.29590832303955,383.27425019684887,372.52818877517893,377.1820641451726,33386345,351.23768607902946,374.9297147407641,23.69202866173464,362.6965396621473,0,0,1,0,0,0,False,False,300,9481.371125155463,122635.99036870725,0.02637397327118572
2025-09-16,376.69958193322066,380.4561497972795,369.30733347198895,377.5887977986167,14607851,352.8307157413722,375.52062208695355,22.689906345581335,364.12523050850837,0,0,1,0,0,0,False,False,300,9481.371125155463,122758.01046474048,0.09949778663373934
2025-09-17,373.98078413647397,383.77677707881116,369.25506177123947,379.2988136508123,12360589,354.39141850380076,376.3602202122555,21.968801708454748,365.52216150728486,0,0,1,0,0,0,False,False,300,9481.371125155463,123271.01522039915,0.4178992097676708
2025-09-18,373.2055818161382,380.4974754803527,371.26637888355884,378.46840311882363,40092598,355.8511289794887,376.82870530260396,20.977576323115272,366.7887222729106,0,0,1,0,0,0,False,False,300,9481.371125155463,123021.89206080255,-0.20209386541611704
2025-09-19,379.2384486924178,383.97247396373325,374.33646132174766,379.14405113607893,30124900,357.25252736229817,377.3432265989317,20.090699236633554,368.0161282857095,0,0,1,0,0,0,False,False,300,9481.371125155463,123224.58646597914,0.16476287413658822
2025-09-22,376.2763922796101,381.51814685528046,372.2127172683457,378.4195593152656,46677380,358.555872725277,377.58241164700587,19.026538921728843,369.13058272776044,0,0,1,0,0,0,False,False,300,9481.371125155463,123007.23891973514,-0.17638326285152808
2025-09-23,373.03747309506105,382.54165828519757,367.21924198282096,378.3641609177957,29487589,359.78066788423763,377.7561337071814,17.97546582294376,370.1640102446849,0,0,1,0,0,0,False,False,300,9481.371125155463,122990.61940049416,-0.013511009097459835
2025-09-24,375.91776084960946,382.54324649625863,375.11344240556764,379.23535451842815,34942508,360.95747789012006,378.084849443014,17.12737155289392,371.18373143385384,0,0,1,0,0,0,False,False,300,9481.371125155463,123251.97748068391,0.2125024505638824
2025-09-25,375.13374211263414,381.72221777087367,369.42399721427984,379.48729746518177,16648245,362.07275247187613,378.39650455905127,16.323752087175137,372.13522568076144,0,0,1,0,0,0,False,False,300,9481.371125155463,123327.56036470999,0.06132387128468224
2025-09-26,385.88978566052856,393.20975452718153,374.9517061704408,379.0551033488276,49854843,363.1074251955279,378.54285984566826,15.435434650140337,372.9913815861886,0,0,1,0,0,0,False,False,300,9481.371125155463,123197.90212980374,-0.10513321963300055
2025-09-29,382.3970038406967,388.23701519673847,371.55046928175335,378.84700195308886,34523310,364.06988908394095,378.61044698065064,14.540557896709686,373.75259840275396,0,0,1,0,0,0,False,False,300,9481.371125155463,123135.47171108212,-0.050674904070883084
2025-09-30,378.81679784048436,380.5514565181829,376.226659456293,379.4880310542555,6540070,364.9875252646766,378.80546566367394,13.817940398997337,374.45597917626515,0,0,1,0,0,0,False,False,300,9481.371125155463,123327.78044143211,0.15617654902984768
2025-10-01,385.10424192763213,391.79325595756393,374.5017508834447,379.3008310799462,28364435,365.83852781060915,378.91554686729,13.077019056680854,375.1294758485015,0,0,1,0,0,0,False,False,300,9481.371125155463,123271.62044913931,-0.0455371791268635
2025-10-02,379.5942897138461,383.406622693965,372.51843877975773,379.7050212244294,7491878,366.6423544509197,379.090985613321,12.448631162401284,375.7892972040723,0,0,1,0,0,0,False,False,300,9481.371125155463,123392.87749248429,0.09836574136299463
2025-10-03,376.4346818649733,386.83472430809525,375.6629175280886,380.0354923878091,32241029,367.40009017053757,379.30087600765165,11.900785837114086,376.40260145473553,0,0,1,0,0,0,False,False,300,9481.371125155463,123492.01884149818,0.08034608725283465
2025-10-06,385.82390447453815,391.99597003181964,372.8593530635265,379.9819512504793,2960826,368.1015650536023,379.4522260616133,11.350661008011002,376.95806748249584,0,0,1,0,0,0,False,False,300,9481.371125155463,123475.95650029926,-0.013006784851041892
2025-10-07,382.02971214995705,385.2785960042502,376.3948837338999,381.6454528944422,3844664,368.7991770727313,379.93960980224193,11.140432729510621,377.52501573508226,0,0,1,0,0,0,False,False,300,9481.371125155463,123975.00699348812,0.40416815332598593
2025-10-08,377.6868501111328,382.6198821626656,377.1744268076481,382.4480153152149,37167707,369.47393570935253,380.49703324956926,11.023097540216725,377.9965001580877,0,0,1,0,0,0,False,False,300,9481.371125155463,124215.77571971992,0.19420747138530378
2025-10-09,381.7200688185069,383.77125962079486,379.4079094871785,381.7054984539366,35932801,370.0860479200781,380.76558107276196,10.67953315268386,378.3918924703716,0,0,1,0,0,0,False,False,300,9481.371125155463,123993.02066133646,-0.17932912071176133
2025-10-10,378.3632154353007,386.48731718544167,373.0042900644734,382.3454892098951,3090212,370.6776360888748,381.11667176990267,10.43903568102786,378.75426259493145,0,0,1,0,0,0,False,False,300,9481.371125155463,124185.017888124,0.15484518867553526
2025-10-13,377.0584168137464,387.38375402976726,376.550514590521,382.5371746613316,39785284,371.23621065104794,381.43233907910906,10.196128428061115,379.0733421279952,0,0,1,0,0,0,False,False,300,9481.371125155463,124242.52352355495,0.04630641957369995
2025-10-14,386.08014808400674,388.0714543996286,379.2353958175744,383.70300693999997,45185024,371.79017113989164,381.9369319370848,10.146760797193167,379.39621492429785,0,0,1,0,0,0,False,False,300,9481.371125155463,124592.27320715545,0.2815056179490693
2025-10-15,391.0294960044966,392.1193427126939,381.29627994485355,383.9523320716769,34707431,372.31711404089117,382.3847986336608,10.067684592769638,379.7124136577579,0,0,1,0,0,0,False,False,300,9481.371125155463,124667.07074665853,0.060033850878310396
2025-10-16,378.5824992564,391.1071845791967,373.8811442855301,384.6835067515004,22320139,372.83325815323605,382.8956226598474,10.062364506611345,380.0179915712921,0,0,1,0,0,0,False,False,300,9481.371125155463,124886.42315060558,0.17595055585512717
2025-10-17,386.8491565531338,394.4654596194185,385.5132545544432,385.86626070532907,26227191,373.3546728340074,383.55576444773226,10.201091613724884,380.36780579472776,0,0,1,0,0,0,False,False,300,9481.371125155463,125241.24933675419,0.28411910374013244
2025-10-20,383.3556505533016,391.42214627251616,376.67347936722774,387.34962833780065,26919139,373.89926174687605,384.39884531219195,10.499583565315902,380.76301152715916,0,0,1,0,0,0,False,False,300,9481.371125155463,125686.25962649565,0.35532246132813516
2025-10-21,385.462749974249,389.0128959718048,377.95787527167465,387.68175742677596,5600108,374.4377191939364,385.12838133765507,10.690662143718669,381.166845884144,0,0,1,0,0,0,False,False,300,9481.371125155463,125785.89835318825,0.07927575137385857
2025-10-22,385.3851542503973,390.74233044403485,377.91733141621586,388.6258172975409,12393942,374.9904184448892,385.9055893287408,10.915170883851602,381.5913466341026,0,0,1,0,0,0,False,False,300,9481.371125155463,126069.11631441773,0.22515875383283188
2025-10-23,385.2681261074974,389.72523153359236,379.4917869785244,389.5819380253732,3854190,375.5610214188837,386.7225557057702,11.161534286886535,381.98685141773956,0,0,1,0,0,0,False,False,300,9481.371125155463,126355.95253276742,0.22752298638654783
2025-10-24,389.77096952388206,397.672273851966,388.7568927251334,390.5310327093461,2284382,376.1519270911208,387.5688839287871,11.416956837666305,382.4507987096827,0,0,1,0,0,0,False,False,300,9481.371125155463,126640.68093795929,0.22533833941699827
2025-10-27,387.28591463842656,393.96047929385537,381.41262153098603,393.03487365412815,8196042,376.80890183584165,388.7835483121962,11.974646476354565,382.98506111422296,0,0,1,0,0,0,False,False,300,9481.371125155463,127391.83322139391,0.5931366428790851
2025-10-28,394.0978632976209,399.3816763247701,393.9040702727911,394.82916594119706,38407753,377.5163483216876,390.12701889641863,12.610670574731046,383.61619983060496,0,0,1,0,0,0,False,False,300,9481.371125155463,127930.12090751457,0.42254489358448266
2025-10-29,394.6308112326744,397.90276942732123,394.45619853092967,395.73371163381773,48230658,378.24910660607725,391.37295061584064,13.123844009763388,384.28425947352895,0,0,1,0,0,0,False,False,300,9481.371125155463,128201.48461530078,0.21211869875616438
2025-10-30,394.78811365907677,402.4699885579793,392.2329642994998,398.0580878379139,20432053,379.04784630551313,392.85853666519023,13.810690359677096,385.0082107550476,0,0,1,0,0,0,False,False,300,9481.371125155463,128898.79747652962,0.5439194899507568
2025-10-31,394.44545727887936,406.4474597991457,390.5905955451718,401.22019943651475,12872847,379.9381965483147,394.7166839477068,14.778487399392134,385.84409160009886,0,0,1,0,0,0,False,False,300,9481.371125155463,129847.43095610989,0.7359521563829945
2025-11-03,398.90607635371583,410.54774894824016,392.75967234908575,403.84599092956375,18819593,380.90787959910335,396.7454188325639,15.837539233460575,386.7975872762811,0,0,1,0,0,0,False,False,300,9481.371125155463,130635.16840402459,0.6066638685989574
2025-11-04,406.89660811089476,408.5764504173213,399.52474954380244,405.0602656795188,49436828,381.92147482499115,398.5931625763317,16.671687751340528,387.8057897272975,0,0,1,0,0,0,False,False,300,9481.371125155463,130999.45082901111,0.27885479035773936
2025-11-05,407.08928217054444,407.17880785045344,403.38724573043436,407.0170457754896,39131465,382.9960785297595,400.46513662058896,17.469058090829492,388.8645979858066,0,0,1,0,0,0,False,False,300,9481.371125155463,131586.48485780234,0.448119457811667
2025-11-06,403.03822929728716,411.2703874877818,400.8325891559535,410.1475214498853,4257181,384.1665894264372,402.6167776937659,18.450188267328713,390.0510091538812,0,0,1,0,0,0,False,False,300,9481.371125155463,132525.62756012107,0.7137075690817363
2025-11-07,410.5549304386023,419.63765357141153,402.3674428425848,412.217583380609,23039912,385.40104594236453,404.7502900686199,19.34924412625537,391.30149231373423,0,0,1,0,0,0,False,False,300,9481.371125155463,133146.64613933818,0.46860263229870885
2025-11-10,415.31493322240533,422.5737252065373,411.56574718758236,415.10393792413817,39708480,386.7213145293557,407.0511007031795,20.329786173823777,392.6502786805161,0,0,1,0,0,0,False,False,300,9481.371125155463,134012.55250239692,0.6503403489056537
2025-11-11,408.1741708622898,423.3131181862631,404.4892803744146,418.3149811745076,42916167,388.1387456782096,409.5541852523635,21.41543957415388,394.1246259852864,0,0,1,0,0,0,False,False,300,9481.371125155463,134975.86547750773,0.7188229439130911
2025-11-12,420.58793826097144,425.6837504490274,419.2115741488637,420.6318204447875,34371818,389.6278229034523,412.0158819617911,22.388059058338797,395.62410166029974,0,0,1,0,0,0,False,False,300,9481.371125155463,135670.9172585917,0.5149452301158268
2025-11-13,417.8446140648339,429.2302441346239,411.2024762817847,423.59610523115043,48602635,391.2037314348339,414.5892649105376,23.38553347570371,397.20672050322025,0,0,1,0,0,0,False,False,300,9481.371125155463,136560.2026945006,0.6554724136005391
