date,open,high,low,close,volume,A1,B1,C1,阻力,支撑,中线,V11,趋势,V12,trend_below_11,filtered_trend,AA,BB0,BB1,BB2,BB3,BB4,BB5,BB,买入信号,trend_above_89,filtered_trend_sell,CC,DD0,DD1,DD2,DD3,DD4,DD5,DD,卖出信号
2024-11-13,6.36,6.96,6.35,6.7,502115342.0,6.96,6.35,0.6100000000000003,6.88375,6.388125,6.6359375,,,,0,0,0,0,0,0,0,0,0,0,0,0,0,0,0,0,0,0,0,0,0,0
2024-11-14,6.56,6.71,6.46,6.56,264000269.0,6.71,6.46,0.25,6.67875,6.475625,6.5771875,,,,0,0,0,0,0,0,0,0,0,0,0,0,0,0,0,0,0,0,0,0,0,0
2024-11-15,6.5,6.97,6.5,6.7,396164776.0,6.97,6.5,0.46999999999999975,6.91125,6.529375,6.7203125,,,,0,0,0,0,0,0,0,0,0,0,0,0,0,0,0,0,0,0,0,0,0,0
2024-11-18,6.71,6.92,6.61,6.75,315363161.0,6.92,6.61,0.3099999999999996,6.88125,6.6293750000000005,6.7553125000000005,,,,0,0,0,0,0,0,0,0,0,0,0,0,0,0,0,0,0,0,0,0,0,0
2024-11-19,6.69,6.71,6.42,6.53,262191709.0,6.71,6.42,0.29000000000000004,6.67375,6.438125,6.555937500000001,,,,0,0,0,0,0,0,0,0,0,0,0,0,0,0,0,0,0,0,0,0,0,0
2024-11-20,6.47,6.64,6.46,6.63,176530139.0,6.64,6.46,0.17999999999999972,6.6175,6.4712499999999995,6.544375,,,,0,0,0,0,0,0,0,0,0,0,0,0,0,0,0,0,0,0,0,0,0,0
2024-11-21,6.6,6.66,6.48,6.52,129197523.0,6.66,6.48,0.17999999999999972,6.6375,6.491250000000001,6.564375,,,,0,0,0,0,0,0,0,0,0,0,0,0,0,0,0,0,0,0,0,0,0,0
2024-11-22,6.5,6.6,6.4,6.42,139886600.0,6.6,6.4,0.1999999999999993,6.574999999999999,6.4125000000000005,6.49375,,,,0,0,0,0,0,0,0,0,0,0,0,0,0,0,0,0,0,0,0,0,0,0
2024-11-25,6.43,6.52,6.33,6.38,141760869.0,6.52,6.33,0.1899999999999995,6.49625,6.341875,6.4190625,,,,0,0,0,0,0,0,0,0,0,0,0,0,0,0,0,0,0,0,0,0,0,0
2024-11-26,6.38,6.47,6.34,6.43,93201764.0,6.47,6.34,0.1299999999999999,6.453749999999999,6.348125,6.4009374999999995,,,,0,0,0,0,0,0,0,0,0,0,0,0,0,0,0,0,0,0,0,0,0,0
2024-11-27,6.4,6.57,6.4,6.53,136050399.0,6.57,6.4,0.16999999999999993,6.54875,6.4106250000000005,6.479687500000001,,,,0,0,0,0,0,0,0,0,0,0,0,0,0,0,0,0,0,0,0,0,0,0
2024-11-28,6.53,6.56,6.42,6.44,101523862.0,6.56,6.42,0.13999999999999968,6.5424999999999995,6.42875,6.485625,,,,0,0,0,0,0,0,0,0,0,0,0,0,0,0,0,0,0,0,0,0,0,0
2024-11-29,6.44,6.53,6.44,6.47,104271689.0,6.53,6.44,0.08999999999999986,6.518750000000001,6.445625000000001,6.4821875,,,,0,0,0,0,0,0,0,0,0,0,0,0,0,0,0,0,0,0,0,0,0,0
2024-12-02,6.45,6.5,6.44,6.49,94151507.0,6.5,6.44,0.05999999999999961,6.4925,6.4437500000000005,6.468125000000001,,,,0,0,0,0,0,0,0,0,0,0,0,0,0,0,0,0,0,0,0,0,0,0
2024-12-03,6.48,6.54,6.45,6.53,96141488.0,6.54,6.45,0.08999999999999986,6.5287500000000005,6.455625,6.4921875,,,,0,0,0,0,0,0,0,0,0,0,0,0,0,0,0,0,0,0,0,0,0,0
2024-12-04,6.52,6.71,6.49,6.66,181523801.0,6.71,6.49,0.21999999999999975,6.6825,6.50375,6.593125000000001,,,,0,0,0,0,0,0,0,0,0,0,0,0,0,0,0,0,0,0,0,0,0,0
2024-12-05,6.68,6.74,6.6,6.62,97851257.0,6.74,6.6,0.14000000000000057,6.7225,6.60875,6.665625,,,,0,0,0,0,0,0,0,0,0,0,0,0,0,0,0,0,0,0,0,0,0,0
2024-12-06,6.63,6.69,6.56,6.63,136911105.0,6.69,6.56,0.13000000000000078,6.67375,6.568124999999999,6.6209375,,,,0,0,0,0,0,0,0,0,0,0,0,0,0,0,0,0,0,0,0,0,0,0
2024-12-09,6.63,6.8,6.61,6.73,146948912.0,6.8,6.61,0.1899999999999995,6.77625,6.621875,6.6990625,,,,0,0,0,0,0,0,0,0,0,0,0,0,0,0,0,0,0,0,0,0,0,0
2024-12-10,6.79,6.84,6.68,6.7,144302199.0,6.84,6.68,0.16000000000000014,6.82,6.6899999999999995,6.755,,,,0,0,0,0,0,0,0,0,0,0,0,0,0,0,0,0,0,0,0,0,0,0
2024-12-11,6.7,6.74,6.64,6.72,128209387.0,6.74,6.64,0.10000000000000053,6.7275,6.646249999999999,6.686875,,,,0,0,0,0,0,0,0,0,0,0,0,0,0,0,0,0,0,0,0,0,0,0
2024-12-12,6.7,6.85,6.69,6.82,166202152.0,6.85,6.69,0.15999999999999925,6.83,6.7,6.765000000000001,,,,0,0,0,0,0,0,0,0,0,0,0,0,0,0,0,0,0,0,0,0,0,0
2024-12-13,6.82,6.89,6.75,6.79,168451954.0,6.89,6.75,0.13999999999999968,6.8725,6.75875,6.815625,,,,0,0,0,0,0,0,0,0,0,0,0,0,0,0,0,0,0,0,0,0,0,0
2024-12-16,6.79,7.02,6.79,6.98,207125089.0,7.02,6.79,0.22999999999999954,6.99125,6.804375,6.897812500000001,,,,0,0,0,0,0,0,0,0,0,0,0,0,0,0,0,0,0,0,0,0,0,0
2024-12-17,6.98,7.2,6.96,6.98,165815344.0,7.2,6.96,0.2400000000000002,7.17,6.975,7.0725,,,,0,0,0,0,0,0,0,0,0,0,0,0,0,0,0,0,0,0,0,0,0,0
2024-12-18,6.93,7.11,6.93,7.01,150216072.0,7.11,6.93,0.1800000000000006,7.0875,6.94125,7.014375,,,,0,0,0,0,0,0,0,0,0,0,0,0,0,0,0,0,0,0,0,0,0,0
2024-12-19,6.96,7.17,6.95,7.09,124277107.0,7.17,6.95,0.21999999999999975,7.1425,6.96375,7.053125,,,,0,0,0,0,0,0,0,0,0,0,0,0,0,0,0,0,0,0,0,0,0,0
2024-12-20,7.05,7.12,7.01,7.05,96941350.0,7.12,7.01,0.11000000000000032,7.10625,7.016875,7.0615625,,,,0,0,0,0,0,0,0,0,0,0,0,0,0,0,0,0,0,0,0,0,0,0
2024-12-23,7.05,7.13,7.02,7.06,129944325.0,7.13,7.02,0.11000000000000032,7.11625,7.0268749999999995,7.0715625,,,,0,0,0,0,0,0,0,0,0,0,0,0,0,0,0,0,0,0,0,0,0,0
2024-12-24,7.06,7.1,6.97,7.09,108406789.0,7.1,6.97,0.1299999999999999,7.083749999999999,6.9781249999999995,7.030937499999999,,,,0,0,0,0,0,0,0,0,0,0,0,0,0,0,0,0,0,0,0,0,0,0
2024-12-25,7.09,7.3,7.08,7.21,142479320.0,7.3,7.08,0.21999999999999975,7.2725,7.09375,7.183125,,,,0,0,0,0,0,0,0,0,0,0,0,0,0,0,0,0,0,0,0,0,0,0
2024-12-26,7.23,7.26,7.04,7.23,123898300.0,7.26,7.04,0.21999999999999975,7.2325,7.05375,7.1431249999999995,,,,0,0,0,0,0,0,0,0,0,0,0,0,0,0,0,0,0,0,0,0,0,0
2024-12-27,7.18,7.26,7.1,7.17,102501578.0,7.26,7.1,0.16000000000000014,7.24,7.109999999999999,7.175,,,,0,0,0,0,0,0,0,0,0,0,0,0,0,0,0,0,0,0,0,0,0,0
2024-12-30,7.17,7.3,7.15,7.26,103354169.0,7.3,7.15,0.14999999999999947,7.28125,7.159375000000001,7.2203125,,,,0,0,0,0,0,0,0,0,0,0,0,0,0,0,0,0,0,0,0,0,0,0
2024-12-31,7.28,7.35,7.22,7.22,102490712.0,7.35,7.22,0.1299999999999999,7.333749999999999,7.2281249999999995,7.280937499999999,,,,0,0,0,0,0,0,0,0,0,0,0,0,0,0,0,0,0,0,0,0,0,0
2025-01-02,7.22,7.28,7.03,7.11,173702497.0,7.28,7.03,0.25,7.24875,7.045625,7.1471875,,,,0,0,0,0,0,0,0,0,0,0,0,0,0,0,0,0,0,0,0,0,0,0
2025-01-03,7.11,7.18,6.94,7.01,126316039.0,7.18,6.94,0.23999999999999932,7.1499999999999995,6.955,7.0525,,,,0,0,0,0,0,0,0,0,0,0,0,0,0,0,0,0,0,0,0,0,0,0
2025-01-06,6.98,7.04,6.9,7.0,97866481.0,7.04,6.9,0.13999999999999968,7.0225,6.90875,6.965625,,,,0,0,0,0,0,0,0,0,0,0,0,0,0,0,0,0,0,0,0,0,0,0
2025-01-07,6.99,7.02,6.92,7.0,64736122.0,7.02,6.92,0.09999999999999964,7.007499999999999,6.92625,6.966875,,,,0,0,0,0,0,0,0,0,0,0,0,0,0,0,0,0,0,0,0,0,0,0
2025-01-08,6.98,7.17,6.94,7.16,110683800.0,7.17,6.94,0.22999999999999954,7.14125,6.954375000000001,7.047812500000001,,,,0,0,0,0,0,0,0,0,0,0,0,0,0,0,0,0,0,0,0,0,0,0
2025-01-09,7.15,7.17,7.05,7.07,66860900.0,7.17,7.05,0.1200000000000001,7.155,7.0575,7.10625,,,,0,0,0,0,0,0,0,0,0,0,0,0,0,0,0,0,0,0,0,0,0,0
2025-01-10,7.07,7.08,6.97,6.98,60493772.0,7.08,6.97,0.11000000000000032,7.06625,6.976875,7.0215625,,,,0,0,0,0,0,0,0,0,0,0,0,0,0,0,0,0,0,0,0,0,0,0
2025-01-13,6.92,6.98,6.75,6.83,107490691.0,6.98,6.75,0.23000000000000043,6.95125,6.764375,6.8578125,,,,0,0,0,0,0,0,0,0,0,0,0,0,0,0,0,0,0,0,0,0,0,0
2025-01-14,6.83,7.03,6.81,6.89,87930900.0,7.03,6.81,0.22000000000000064,7.0025,6.8237499999999995,6.913125,,,,0,0,0,0,0,0,0,0,0,0,0,0,0,0,0,0,0,0,0,0,0,0
2025-01-15,6.9,7.03,6.86,6.88,67527700.0,7.03,6.86,0.16999999999999993,7.00875,6.870625,6.9396875,,,,0,0,0,0,0,0,0,0,0,0,0,0,0,0,0,0,0,0,0,0,0,0
2025-01-16,6.88,6.99,6.85,6.95,76343662.0,6.99,6.85,0.14000000000000057,6.9725,6.85875,6.915625,,,,0,0,0,0,0,0,0,0,0,0,0,0,0,0,0,0,0,0,0,0,0,0
2025-01-17,6.94,7.04,6.89,6.94,58367300.0,7.04,6.89,0.15000000000000036,7.02125,6.899375,6.960312500000001,,,,0,0,0,0,0,0,0,0,0,0,0,0,0,0,0,0,0,0,0,0,0,0
2025-01-20,6.95,7.0,6.86,6.87,66278000.0,7.0,6.86,0.13999999999999968,6.9825,6.86875,6.925625,,,,0,0,0,0,0,0,0,0,0,0,0,0,0,0,0,0,0,0,0,0,0,0
2025-01-21,6.88,6.89,6.67,6.69,133575550.0,6.89,6.67,0.21999999999999975,6.8625,6.68375,6.773125,,,,0,0,0,0,0,0,0,0,0,0,0,0,0,0,0,0,0,0,0,0,0,0
2025-01-22,6.7,6.8,6.63,6.76,86575348.0,6.8,6.63,0.16999999999999993,6.77875,6.640625,6.709687499999999,,,,0,0,0,0,0,0,0,0,0,0,0,0,0,0,0,0,0,0,0,0,0,0
2025-01-23,6.79,6.96,6.78,6.85,94403170.0,6.96,6.78,0.17999999999999972,6.9375,6.79125,6.864375,,,,0,0,0,0,0,0,0,0,0,0,0,0,0,0,0,0,0,0,0,0,0,0
2025-01-24,6.82,7.0,6.82,6.91,81601789.0,7.0,6.82,0.17999999999999972,6.9775,6.831250000000001,6.904375,,,,0,0,0,0,0,0,0,0,0,0,0,0,0,0,0,0,0,0,0,0,0,0
2025-01-27,6.94,7.11,6.89,7.06,87660565.0,7.11,6.89,0.22000000000000064,7.0825000000000005,6.90375,6.993125,,,,0,0,0,0,0,0,0,0,0,0,0,0,0,0,0,0,0,0,0,0,0,0
2025-02-05,7.09,7.15,6.92,6.97,101957662.0,7.15,6.92,0.23000000000000043,7.12125,6.934375,7.0278125,,,,0,0,0,0,0,0,0,0,0,0,0,0,0,0,0,0,0,0,0,0,0,0
2025-02-06,7.01,7.12,6.93,7.09,135417706.0,7.12,6.93,0.1900000000000004,7.09625,6.941875,7.0190625,,,,0,0,0,0,0,0,0,0,0,0,0,0,0,0,0,0,0,0,0,0,0,0
2025-02-07,7.07,7.33,7.01,7.13,130756430.0,7.33,7.01,0.3200000000000003,7.29,7.029999999999999,7.16,,,,0,0,0,0,0,0,0,0,0,0,0,0,0,0,0,0,0,0,0,0,0,0
2025-02-10,7.3,7.84,7.27,7.6,446633226.0,7.84,7.27,0.5700000000000003,7.76875,7.305624999999999,7.5371875,,,,0,0,0,0,0,0,0,0,0,0,0,0,0,0,0,0,0,0,0,0,0,0
2025-02-11,7.58,8.07,7.51,7.8,471841456.0,8.07,7.51,0.5600000000000005,8.0,7.545,7.7725,,,,0,0,0,0,0,0,0,0,0,0,0,0,0,0,0,0,0,0,0,0,0,0
2025-02-12,7.72,7.79,7.59,7.74,284932695.0,7.79,7.59,0.20000000000000018,7.765,7.6025,7.68375,,,,0,0,0,0,0,0,0,0,0,0,0,0,0,0,0,0,0,0,0,0,0,0
2025-02-13,7.7,8.01,7.7,7.76,306191787.0,8.01,7.7,0.3099999999999996,7.9712499999999995,7.719375,7.8453125,,,,0,0,0,0,0,0,0,0,0,0,0,0,0,0,0,0,0,0,0,0,0,0
2025-02-14,7.65,8.01,7.59,7.9,388428870.0,8.01,7.59,0.41999999999999993,7.9575,7.61625,7.786875,88.5768828350401,88.5768828350401,,0,0,0,0,0,0,0,0,0,0,0,0,0,0,0,0,0,0,0,0,0,0
2025-02-17,8.12,8.43,8.0,8.15,567924975.0,8.43,8.0,0.4299999999999997,8.376249999999999,8.026875,8.2015625,87.17553027148287,87.87620655326148,-0.7910374121919679,0,0,0,0,0,0,0,0,0,0,0,0,0,0,0,0,0,0,0,0,0,0
2025-02-18,8.15,8.4,8.08,8.15,329727427.0,8.4,8.08,0.3200000000000003,8.36,8.1,8.23,86.28012483824315,87.07816569575232,-0.908142134043388,0,0,0,0,0,0,0,0,0,0,0,0,0,0,0,0,0,0,0,0,0,0
2025-02-19,8.18,8.34,8.01,8.06,269059033.0,8.34,8.01,0.33000000000000007,8.29875,8.030625,8.1646875,86.23652129278267,86.6573434942675,-0.48326948336872505,0,0,0,0,0,0,0,0,0,0,0,0,0,0,0,0,0,0,0,0,0,0
2025-02-20,7.96,8.05,7.77,7.82,248738627.0,8.05,7.77,0.28000000000000114,8.015,7.7875,7.90125,80.06823223157164,83.36278786291956,-3.8018193248283363,0,0,0,0,0,0,0,0,0,0,0,0,0,0,0,0,0,0,0,0,0,0
2025-02-21,7.98,8.6,7.95,8.6,476816543.0,8.6,7.95,0.6499999999999995,8.518749999999999,7.9906250000000005,8.2546875,86.09041936083685,84.7266036118782,1.6360006471967805,0,0,0,0,0,0,0,0,0,0,0,0,0,0,0,0,0,0,0,0,0,0
2025-02-24,8.6,8.61,8.29,8.36,381932267.0,8.61,8.29,0.3200000000000003,8.57,8.309999999999999,8.44,87.26470472199648,85.99565416693734,1.4978182778015008,0,0,0,0,0,0,0,0,0,0,0,0,0,0,0,0,0,0,0,0,0,0
2025-02-25,8.18,8.33,8.06,8.12,197208467.0,8.33,8.06,0.2699999999999996,8.29625,8.076875000000001,8.1865625,81.40493107579343,83.70029262136538,-2.6691599334963367,0,0,0,0,0,0,0,0,0,0,0,0,0,0,0,0,0,0,0,0,0,0
2025-02-26,8.28,8.32,8.0,8.06,169885454.0,8.32,8.0,0.3200000000000003,8.280000000000001,8.02,8.15,78.77507346772416,81.23768304454477,-2.9421755882750693,0,0,0,0,0,0,0,0,0,0,0,0,0,0,0,0,0,0,0,0,0,0
2025-02-27,8.07,8.12,7.81,7.9,192587058.0,8.12,7.81,0.3099999999999996,8.081249999999999,7.829375,7.9553125,79.43672122367772,80.33720213411124,-1.1084522313859837,0,0,0,0,0,0,0,0,0,0,0,0,0,0,0,0,0,0,0,0,0,0
2025-02-28,7.88,7.93,7.73,7.75,149412948.0,7.93,7.73,0.1999999999999993,7.904999999999999,7.742500000000001,7.82375,61.35294126927445,70.84507170169285,-11.81536097880614,0,0,0,0,0,0,0,0,0,0,0,0,0,0,0,0,0,0,0,0,0,0
2025-03-03,7.8,8.08,7.8,7.92,190224204.0,8.08,7.8,0.28000000000000025,8.045,7.8175,7.93125,57.07430487761681,63.95968828965483,-9.71893068445224,0,0,0,0,0,0,0,0,0,0,0,0,0,0,0,0,0,0,0,0,0,0
2025-03-04,7.86,7.92,7.75,7.8,121367302.0,7.92,7.75,0.16999999999999993,7.89875,7.760625,7.8296875,57.25714178893523,60.608415039295025,-5.239664763816329,0,0,0,0,0,0,0,0,0,0,0,0,0,0,0,0,0,0,0,0,0,0
2025-03-05,7.8,8.08,7.79,8.04,162310024.0,8.08,7.79,0.29000000000000004,8.04375,7.808125,7.9259375,61.046468283559335,60.82744166142718,0.36137988757856604,0,0,0,0,0,0,0,0,0,0,0,0,0,0,0,0,0,0,0,0,0,0
2025-03-06,8.11,8.3,8.03,8.26,218164462.0,8.3,8.03,0.27000000000000135,8.266250000000001,8.046875,8.1565625,71.25881027382795,66.04312596762756,8.574558067445123,0,0,0,0,0,0,0,0,0,0,0,0,0,0,0,0,0,0,0,0,0,0
2025-03-07,8.19,8.41,8.17,8.22,115487367.0,8.41,8.17,0.2400000000000002,8.38,8.185,8.2825,79.97894251612612,73.01103424187684,10.550542803901727,0,0,0,0,0,0,0,0,0,0,0,0,0,0,0,0,0,0,0,0,0,0
2025-03-10,8.22,8.23,7.94,7.96,152394351.0,8.23,7.94,0.29000000000000004,8.19375,7.958125000000001,8.0759375,75.29065451260576,74.1508443772413,1.561147773346699,0,0,0,0,0,0,0,0,0,0,0,0,0,0,0,0,0,0,0,0,0,0
2025-03-11,7.83,8.04,7.83,8.04,111924363.0,8.04,7.83,0.20999999999999908,8.01375,7.843125,7.928437499999999,77.67837726862112,75.91461082293121,2.3786195025868824,0,0,0,0,0,0,0,0,0,0,0,0,0,0,0,0,0,0,0,0,0,0
2025-03-12,8.05,8.08,7.78,7.93,163973455.0,8.08,7.78,0.2999999999999998,8.0425,7.79875,7.920625,73.41346801346805,74.66403941819962,-1.647339545280041,0,0,0,0,0,0,0,0,0,0,0,0,0,0,0,0,0,0,0,0,0,0
2025-03-13,7.91,7.98,7.78,7.83,114216348.0,7.98,7.78,0.20000000000000018,7.955,7.7925,7.87375,62.45791245791247,68.56097593805605,-8.174033346842915,0,0,0,0,0,0,0,0,0,0,0,0,0,0,0,0,0,0,0,0,0,0
2025-03-14,7.8,7.96,7.74,7.82,158539882.0,7.96,7.74,0.21999999999999975,7.9325,7.75375,7.843125000000001,56.66666666666663,62.61382130236134,-8.674256097328437,0,0,0,0,0,0,0,0,0,0,0,0,0,0,0,0,0,0,0,0,0,0
2025-03-17,7.82,7.88,7.73,7.81,104111350.0,7.88,7.73,0.14999999999999947,7.86125,7.739375000000001,7.8003125,58.72053872053871,60.66718001145003,-3.108964203783384,0,0,0,0,0,0,0,0,0,0,0,0,0,0,0,0,0,0,0,0,0,0
2025-03-18,7.83,7.95,7.8,7.86,123711809.0,7.95,7.8,0.15000000000000036,7.93125,7.809375,7.870312500000001,58.18181818181823,59.42449909663413,-2.048357801667,0,0,0,0,0,0,0,0,0,0,0,0,0,0,0,0,0,0,0,0,0,0
2025-03-19,7.85,7.85,7.6,7.64,158721063.0,7.85,7.6,0.25,7.81875,7.615625,7.7171875,53.5690235690236,56.49676133282887,-4.926819423491096,0,0,0,0,0,0,0,0,0,0,0,0,0,0,0,0,0,0,0,0,0,0
2025-03-20,7.61,7.64,7.49,7.51,121938832.0,7.64,7.49,0.14999999999999947,7.62125,7.499375000000001,7.5603125,49.191919191919226,52.84434026237405,-6.464832645782989,0,0,0,0,0,0,0,0,0,0,0,0,0,0,0,0,0,0,0,0,0,0
2025-03-21,7.51,7.62,7.48,7.52,116339471.0,7.62,7.48,0.13999999999999968,7.6025,7.4887500000000005,7.545625,46.228956228956235,49.53664824566514,-6.259311783033142,0,0,0,0,0,0,0,0,0,0,0,0,0,0,0,0,0,0,0,0,0,0
2025-03-24,7.51,7.65,7.5,7.61,128787557.0,7.65,7.5,0.15000000000000036,7.6312500000000005,7.509375,7.5703125,45.69023569023571,47.61344196795042,-3.8823908072605926,0,0,0,0,0,0,0,0,0,0,0,0,0,0,0,0,0,0,0,0,0,0
2025-03-25,7.62,7.64,7.51,7.57,93199695.0,7.64,7.51,0.1299999999999999,7.623749999999999,7.5181249999999995,7.570937499999999,42.22222222222224,44.91783209508633,-5.661447191065413,0,0,0,0,0,0,0,0,0,0,0,0,0,0,0,0,0,0,0,0,0,0
2025-03-26,7.59,7.73,7.55,7.65,129302867.0,7.73,7.55,0.1800000000000006,7.7075000000000005,7.56125,7.634375,45.757575757575765,45.337703926331045,0.9347553335964394,0,0,0,0,0,0,0,0,0,0,0,0,0,0,0,0,0,0,0,0,0,0
2025-03-27,7.67,7.84,7.63,7.71,119508400.0,7.84,7.63,0.20999999999999996,7.81375,7.6431249999999995,7.7284375,52.35690235690238,48.84730314161671,7.74101666239736,0,0,0,0,0,0,0,0,0,0,0,0,0,0,0,0,0,0,0,0,0,0
2025-03-28,7.72,7.74,7.61,7.72,80363095.0,7.74,7.61,0.1299999999999999,7.72375,7.618125,7.6709375,55.65656565656569,52.2519343990912,6.969947240697966,0,0,0,0,0,0,0,0,0,0,0,0,0,0,0,0,0,0,0,0,0,0
2025-03-31,7.7,7.91,7.67,7.85,147523243.0,7.91,7.67,0.2400000000000002,7.88,7.685,7.7825,58.61952861952864,55.43573150930992,6.0931660173601045,0,0,0,0,0,0,0,0,0,0,0,0,0,0,0,0,0,0,0,0,0,0
2025-04-01,7.85,7.87,7.71,7.81,98649368.0,7.87,7.71,0.16000000000000014,7.85,7.72,7.785,61.31313131313128,58.3744314112206,5.301093395722853,0,0,0,0,0,0,0,0,0,0,0,0,0,0,0,0,0,0,0,0,0,0
2025-04-02,7.78,7.9,7.76,7.88,80060137.0,7.9,7.76,0.14000000000000057,7.8825,7.76875,7.8256250000000005,63.50168350168349,60.93805745645204,4.391693389134528,0,0,0,0,0,0,0,0,0,0,0,0,0,0,0,0,0,0,0,0,0,0
2025-04-03,7.85,8.06,7.83,8.03,118706727.0,8.06,7.83,0.23000000000000043,8.03125,7.844375,7.9378125,67.87878787878788,64.40842266761996,5.6949061982291305,0,0,0,0,0,0,0,0,0,0,0,0,0,0,0,0,0,0,0,0,0,0
2025-04-07,7.82,8.02,7.6,7.87,255495936.0,8.02,7.6,0.41999999999999993,7.967499999999999,7.62625,7.796875,67.71043771043772,66.05943018902883,2.5633410244012738,0,0,0,0,0,0,0,0,0,0,0,0,0,0,0,0,0,0,0,0,0,0
2025-04-08,7.86,8.22,7.82,8.22,246797667.0,8.22,7.82,0.40000000000000036,8.17,7.845000000000001,8.0075,73.2659932659933,69.66271172751107,5.454605842302088,0,0,0,0,0,0,0,0,0,0,0,0,0,0,0,0,0,0,0,0,0,0
2025-04-09,8.2,8.31,8.03,8.3,232545465.0,8.31,8.03,0.28000000000000114,8.275,8.0475,8.161249999999999,81.31313131313138,75.48792152032122,8.362019864509056,0,0,0,0,0,0,0,0,0,0,0,0,0,0,0,0,0,0,0,0,0,0
2025-04-10,8.3,8.3,7.95,8.18,255219606.0,8.3,7.95,0.35000000000000053,8.256250000000001,7.971875,8.114062500000001,82.59259259259264,79.04025705645694,4.705833018835247,0,0,0,0,0,0,0,0,0,0,0,0,0,0,0,0,0,0,0,0,0,0
2025-04-11,8.05,8.05,7.9,7.93,169246058.0,8.05,7.9,0.15000000000000036,8.03125,7.909375000000001,7.9703125,74.91582491582494,76.97804098614094,-2.6090705510269236,0,0,0,0,0,0,0,0,0,0,0,0,0,0,0,0,0,0,0,0,0,0
2025-04-14,7.9,7.93,7.73,7.89,139589954.0,7.93,7.73,0.1999999999999993,7.904999999999999,7.742500000000001,7.82375,74.0404040404041,75.50922251327252,-1.908100614216547,0,0,0,0,0,0,0,0,0,0,0,0,0,0,0,0,0,0,0,0,0,0
2025-04-15,7.89,8.0,7.85,7.98,134808698.0,8.0,7.85,0.15000000000000036,7.98125,7.859375,7.9203125,68.92255892255895,72.21589071791573,-4.361496100397421,0,0,0,0,0,0,0,0,0,0,0,0,0,0,0,0,0,0,0,0,0,0
2025-04-16,7.97,8.12,7.92,8.12,176576911.0,8.12,7.92,0.1999999999999993,8.094999999999999,7.9325,8.01375,66.16161616161614,69.18875343976593,-4.191788328103811,0,0,0,0,0,0,0,0,0,0,0,0,0,0,0,0,0,0,0,0,0,0
2025-04-17,8.07,8.13,7.96,8.06,125005616.0,8.13,7.96,0.17000000000000082,8.10875,7.970625,8.0396875,66.16161616161617,67.67518480069106,-2.187593450997137,0,0,0,0,0,0,0,0,0,0,0,0,0,0,0,0,0,0,0,0,0,0
2025-04-18,7.99,8.03,7.92,7.97,70921844.0,8.03,7.92,0.10999999999999943,8.01625,7.926875,7.971562499999999,67.88817133079431,67.78167806574268,0.157359400443836,0,0,0,0,0,0,0,0,0,0,0,0,0,0,0,0,0,0,0,0,0,0
2025-04-21,7.94,8.0,7.9,7.93,75649100.0,8.0,7.9,0.09999999999999964,7.9875,7.90625,7.946875,68.02172902823145,67.90170354698706,0.17707658569321366,0,0,0,0,0,0,0,0,0,0,0,0,0,0,0,0,0,0,0,0,0,0
2025-04-22,7.92,7.98,7.86,7.87,105819809.0,7.98,7.86,0.1200000000000001,7.965000000000001,7.867500000000001,7.916250000000001,63.09328565743135,65.4974946022092,-3.5407196273274404,0,0,0,0,0,0,0,0,0,0,0,0,0,0,0,0,0,0,0,0,0,0
2025-04-23,7.87,7.88,7.75,7.76,120665737.0,7.88,7.75,0.1299999999999999,7.86375,7.758125,7.8109375,52.88140873814601,59.189451670177604,-9.63096828411942,0,0,0,0,0,0,0,0,0,0,0,0,0,0,0,0,0,0,0,0,0,0
2025-04-24,7.76,7.77,7.71,7.77,79896055.0,7.77,7.71,0.05999999999999961,7.762499999999999,7.71375,7.738125,47.41149933263732,53.30047550140746,-9.94936767041767,0,0,0,0,0,0,0,0,0,0,0,0,0,0,0,0,0,0,0,0,0,0
2025-04-25,7.77,7.8,7.67,7.7,88576201.0,7.8,7.67,0.1299999999999999,7.7837499999999995,7.678125,7.7309375,43.5598296056523,48.43015255352988,-9.1374849887577,0,0,0,0,0,0,0,0,0,0,0,0,0,0,0,0,0,0,0,0,0,0
2025-04-28,7.6,7.79,7.57,7.76,121006120.0,7.79,7.57,0.21999999999999975,7.7625,7.58375,7.673125000000001,37.56923135341337,42.999691953471626,-11.21297438420406,0,0,0,0,0,0,0,0,0,0,0,0,0,0,0,0,0,0,0,0,0,0
2025-04-29,7.76,7.81,7.7,7.73,79812477.0,7.81,7.7,0.10999999999999943,7.79625,7.706875,7.7515625,27.61741203035284,35.30855199191223,-17.886500140237498,0,0,0,0,0,0,0,0,0,0,0,0,0,0,0,0,0,0,0,0,0,0
2025-04-30,7.74,7.75,7.68,7.69,69882360.0,7.75,7.68,0.07000000000000028,7.74125,7.684374999999999,7.7128125,21.13429338131023,28.22142268661123,-20.071990793970755,0,0,0,0,0,0,0,0,0,0,0,0,0,0,0,0,0,0,0,0,0,0
2025-05-06,7.72,7.83,7.65,7.78,131029346.0,7.83,7.65,0.17999999999999972,7.8075,7.661250000000001,7.734375,18.986730125098475,23.604076405854855,-16.361139309064427,0,0,0,0,0,0,0,0,0,0,0,0,0,0,0,0,0,0,0,0,0,0
2025-05-07,7.85,7.91,7.74,7.91,145872385.0,7.91,7.74,0.16999999999999993,7.88875,7.750625,7.819687500000001,23.8960287060274,23.750052555941128,0.6184361869378832,0,0,0,0,0,0,0,0,0,0,0,0,0,0,0,0,0,0,0,0,0,0
2025-05-08,7.86,7.9,7.8,7.81,85953667.0,7.9,7.8,0.10000000000000053,7.8875,7.8062499999999995,7.846875,24.262768018315462,24.006410287128297,1.0793985848382492,0,0,0,0,0,0,0,0,0,0,0,0,0,0,0,0,0,0,0,0,0,0
2025-05-09,7.8,7.86,7.78,7.81,86014400.0,7.86,7.78,0.08000000000000007,7.8500000000000005,7.785,7.817500000000001,29.224673094703434,26.615541690915865,10.868477929774143,0,0,0,0,0,0,0,0,0,0,0,0,0,0,0,0,0,0,0,0,0,0
2025-05-12,7.82,7.84,7.74,7.8,97048041.0,7.84,7.74,0.09999999999999964,7.8275,7.74625,7.786875,33.80530973451322,30.210425712714546,13.506709964973767,0,0,0,0,0,0,0,0,0,0,0,0,0,0,0,0,0,0,0,0,0,0
2025-05-13,7.8,7.81,7.75,7.76,75024894.0,7.81,7.75,0.05999999999999961,7.802499999999999,7.75375,7.778124999999999,30.737463126843615,30.47394441977908,0.8722773706350927,0,0,0,0,0,0,0,0,0,0,0,0,0,0,0,0,0,0,0,0,0,0
2025-05-14,7.75,7.88,7.74,7.87,113272042.0,7.88,7.74,0.13999999999999968,7.8625,7.74875,7.805625,28.023598820058965,29.248771619919022,-4.020394547496978,0,0,0,0,0,0,0,0,0,0,0,0,0,0,0,0,0,0,0,0,0,0
2025-05-15,7.86,7.93,7.82,7.92,93605904.0,7.93,7.82,0.10999999999999943,7.91625,7.826875,7.8715625,33.274336283185825,31.261553951552422,6.881596115519097,0,0,0,0,0,0,0,0,0,0,0,0,0,0,0,0,0,0,0,0,0,0
2025-05-16,7.88,7.91,7.68,7.82,143902284.0,7.91,7.68,0.23000000000000043,7.88125,7.694375,7.787812499999999,35.880990896691735,33.57127242412208,7.388367437361372,0,0,0,0,0,0,0,0,0,0,0,0,0,0,0,0,0,0,0,0,0,0
2025-05-19,7.77,7.79,7.74,7.77,74258324.0,7.79,7.74,0.04999999999999982,7.78375,7.743125,7.7634375,34.93894122498173,34.2551068245519,2.0369630075101526,0,0,0,0,0,0,0,0,0,0,0,0,0,0,0,0,0,0,0,0,0,0
2025-05-20,7.77,7.96,7.77,7.86,156280283.0,7.96,7.77,0.1900000000000004,7.93625,7.781874999999999,7.8590625,41.080978209154026,37.668042516852964,9.963290173875285,0,0,0,0,0,0,0,0,0,0,0,0,0,0,0,0,0,0,0,0,0,0
2025-05-21,7.86,7.95,7.86,7.92,84492300.0,7.95,7.86,0.08999999999999986,7.938750000000001,7.8656250000000005,7.9021875,44.527547816157536,41.09779516650525,9.105205422123513,0,0,0,0,0,0,0,0,0,0,0,0,0,0,0,0,0,0,0,0,0,0
2025-05-22,7.92,7.94,7.86,7.9,48002100.0,7.94,7.86,0.08000000000000007,7.930000000000001,7.865,7.897500000000001,43.58105750626446,42.339426336384854,3.021162485357692,0,0,0,0,0,0,0,0,0,0,0,0,0,0,0,0,0,0,0,0,0,0
2025-05-23,7.9,7.98,7.86,7.92,84390100.0,7.98,7.86,0.1200000000000001,7.965000000000001,7.867500000000001,7.916250000000001,46.06273987375896,44.2010831050719,4.396981560156881,0,0,0,0,0,0,0,0,0,0,0,0,0,0,0,0,0,0,0,0,0,0
2025-05-26,7.92,7.94,7.82,7.85,62786100.0,7.94,7.82,0.1200000000000001,7.925000000000001,7.827500000000001,7.876250000000001,47.813620071684525,46.007351588378214,4.086480141250315,0,0,0,0,0,0,0,0,0,0,0,0,0,0,0,0,0,0,0,0,0,0
2025-05-27,7.84,7.95,7.83,7.93,76048527.0,7.95,7.83,0.1200000000000001,7.9350000000000005,7.8375,7.88625,48.74551971326157,47.37643565081989,2.9757941180589924,0,0,0,0,0,0,0,0,0,0,0,0,0,0,0,0,0,0,0,0,0,0
2025-05-28,7.93,8.02,7.88,7.91,95840580.0,8.02,7.88,0.13999999999999968,8.0025,7.88875,7.945625,46.09318996415766,46.73481280748878,-1.3543079687549466,0,0,0,0,0,0,0,0,0,0,0,0,0,0,0,0,0,0,0,0,0,0
2025-05-29,7.9,8.06,7.85,8.04,128603202.0,8.06,7.85,0.21000000000000085,8.033750000000001,7.863125,7.948437500000001,55.643649868290254,51.18923133788952,9.531264303442255,0,0,0,0,0,0,0,0,0,0,0,0,0,0,0,0,0,0,0,0,0,0
2025-05-30,8.05,8.08,7.95,8.03,88630017.0,8.08,7.95,0.1299999999999999,8.06375,7.958125,8.0109375,61.657382217040094,56.4233067774648,10.224954160819953,0,0,0,0,0,0,0,0,0,0,0,0,0,0,0,0,0,0,0,0,0,0
2025-06-03,8.0,8.07,7.93,7.95,79368050.0,8.07,7.93,0.14000000000000057,8.0525,7.93875,7.995625,64.0152005872953,60.21925368238005,6.727622186141224,0,0,0,0,0,0,0,0,0,0,0,0,0,0,0,0,0,0,0,0,0,0
2025-06-04,7.97,7.99,7.88,7.89,86346900.0,7.99,7.88,0.11000000000000032,7.97625,7.886875,7.9315625,59.71412531847811,59.966689500429084,-0.41940769190380267,0,0,0,0,0,0,0,0,0,0,0,0,0,0,0,0,0,0,0,0,0,0
2025-06-05,7.89,8.02,7.87,7.96,96333500.0,8.02,7.87,0.14999999999999947,8.001249999999999,7.8793750000000005,7.940312499999999,62.7447424105021,61.35571595546559,2.316330060252148,0,0,0,0,0,0,0,0,0,0,0,0,0,0,0,0,0,0,0,0,0,0
2025-06-06,7.96,8.03,7.9,8.02,82423870.0,8.03,7.9,0.129999999999999,8.01375,7.908125,7.9609375,59.939543118711356,60.64762953708848,-1.154067567056134,0,0,0,0,0,0,0,0,0,0,0,0,0,0,0,0,0,0,0,0,0,0
2025-06-09,8.0,8.04,7.96,8.0,71150810.0,8.04,7.96,0.07999999999999918,8.03,7.965,7.9975,57.02811244979917,58.83787099344382,-2.9840548714899313,0,0,0,0,0,0,0,0,0,0,0,0,0,0,0,0,0,0,0,0,0,0
2025-06-10,8.0,8.08,7.88,7.88,102872879.0,8.08,7.88,0.20000000000000018,8.055,7.8925,7.97375,53.89558232931721,56.36672666138051,-4.199921394740244,0,0,0,0,0,0,0,0,0,0,0,0,0,0,0,0,0,0,0,0,0,0
2025-06-11,7.82,7.82,7.73,7.76,79693905.0,7.82,7.73,0.08999999999999986,7.80875,7.735625000000001,7.7721875,48.19277108433727,52.27974887285889,-7.250692084842675,0,0,0,0,0,0,0,0,0,0,0,0,0,0,0,0,0,0,0,0,0,0
2025-06-12,7.75,7.77,7.61,7.62,122731179.0,7.77,7.61,0.15999999999999925,7.75,7.62,7.6850000000000005,32.28915662650594,42.284452749682416,-19.118867895644286,0,0,0,0,0,0,0,0,0,0,0,0,0,0,0,0,0,0,0,0,0,0
2025-06-13,7.61,7.69,7.59,7.67,137368775.0,7.69,7.59,0.10000000000000053,7.6775,7.5962499999999995,7.636875,19.272150329713895,30.778301539698155,-27.21130453809806,0,0,0,0,0,0,0,0,0,0,0,0,0,0,0,0,0,0,0,0,0,0
2025-06-16,7.61,7.76,7.61,7.75,97076306.0,7.76,7.61,0.14999999999999947,7.74125,7.619375000000001,7.6803125,15.373394813823168,23.075848176760662,-25.0255958828748,0,0,0,0,0,0,0,0,0,0,0,0,0,0,0,0,0,0,0,0,0,0
2025-06-17,7.72,7.78,7.71,7.76,63691425.0,7.78,7.71,0.07000000000000028,7.77125,7.714375,7.7428125,16.007930356905177,19.541889266832918,-15.314535278866762,0,0,0,0,0,0,0,0,0,0,0,0,0,0,0,0,0,0,0,0,0,0
2025-06-18,7.76,7.82,7.74,7.81,68683337.0,7.82,7.74,0.08000000000000007,7.8100000000000005,7.745,7.7775,22.494999544037768,21.018444405435343,7.555846409939897,0,0,0,0,0,0,0,0,0,0,0,0,0,0,0,0,0,0,0,0,0,0
2025-06-19,7.81,7.88,7.73,7.84,99863869.0,7.88,7.73,0.14999999999999947,7.86125,7.739375000000001,7.8003125,34.56570055576603,27.792072480600687,32.22706659211037,0,0,0,0,0,0,0,0,0,0,0,0,0,0,0,0,0,0,0,0,0,0
2025-06-20,7.81,7.92,7.8,7.9,71702066.0,7.92,7.8,0.1200000000000001,7.905,7.8075,7.85625,43.14007144606733,35.46607196333401,27.61218864872311,0,0,0,0,0,0,0,0,0,0,0,0,0,0,0,0,0,0,0,0,0,0
2025-06-23,7.86,7.93,7.83,7.86,54180725.0,7.93,7.83,0.09999999999999964,7.9174999999999995,7.83625,7.876875,41.66489881694555,38.565485390139784,8.739094168674926,0,0,0,0,0,0,0,0,0,0,0,0,0,0,0,0,0,0,0,0,0,0
2025-06-24,7.88,7.95,7.87,7.91,76386149.0,7.95,7.87,0.08000000000000007,7.94,7.875,7.907500000000001,45.8387861545756,42.20213577235769,9.429805810632187,0,0,0,0,0,0,0,0,0,0,0,0,0,0,0,0,0,0,0,0,0,0
2025-06-25,7.9,7.92,7.83,7.88,68198638.0,7.92,7.83,0.08999999999999986,7.9087499999999995,7.835625,7.8721875,46.58605974395448,44.394097758156086,5.193959845117894,0,0,0,0,0,0,0,0,0,0,0,0,0,0,0,0,0,0,0,0,0,0
2025-06-26,7.86,7.87,7.78,7.83,81628916.0,7.87,7.78,0.08999999999999986,7.858750000000001,7.7856250000000005,7.8221875,42.252252252252234,43.32317500520416,-2.4123088586819463,0,0,0,0,0,0,0,0,0,0,0,0,0,0,0,0,0,0,0,0,0,0
2025-06-27,7.83,7.83,7.73,7.75,83548087.0,7.83,7.73,0.09999999999999964,7.8175,7.73625,7.776875,31.711711711711644,37.5174433584579,-13.400983759959539,0,0,0,0,0,0,0,0,0,0,0,0,0,0,0,0,0,0,0,0,0,0
2025-06-30,7.69,7.8,7.66,7.75,92726565.0,7.8,7.66,0.13999999999999968,7.7825,7.66875,7.725625,27.657657657657595,32.587550508057745,-13.14026865662947,0,0,0,0,0,0,0,0,0,0,0,0,0,0,0,0,0,0,0,0,0,0
2025-07-01,7.74,7.78,7.73,7.74,62081900.0,7.78,7.73,0.04999999999999982,7.773750000000001,7.733125,7.7534375,21.76848080957666,27.178015658817202,-16.600004495284043,0,0,0,0,0,0,0,0,0,0,0,0,0,0,0,0,0,0,0,0,0,0
2025-07-02,7.74,7.76,7.71,7.73,60221406.0,7.76,7.71,0.04999999999999982,7.75375,7.713125,7.7334375,20.555349870418347,23.866682764617774,-12.183865576386006,0,0,0,0,0,0,0,0,0,0,0,0,0,0,0,0,0,0,0,0,0,0
2025-07-03,7.74,7.76,7.66,7.68,79812158.0,7.76,7.66,0.09999999999999964,7.7475,7.66625,7.706875,18.122785211826233,20.994733988222002,-12.033296812632129,0,0,0,0,0,0,0,0,0,0,0,0,0,0,0,0,0,0,0,0,0,0
2025-07-04,7.67,7.71,7.65,7.7,82351772.0,7.71,7.65,0.05999999999999961,7.7025,7.6537500000000005,7.678125,21.44646603550708,21.22060001186454,1.0758222693807353,0,0,0,0,0,0,0,0,0,0,0,0,0,0,0,0,0,0,0,0,0,0
2025-07-07,7.71,7.71,7.63,7.65,75201872.0,7.71,7.63,0.08000000000000007,7.7,7.635,7.6675,18.97542356446462,20.09801178816458,-5.290087099668792,0,0,0,0,0,0,0,0,0,0,0,0,0,0,0,0,0,0,0,0,0,0
2025-07-08,7.65,7.66,7.62,7.63,89714717.0,7.66,7.62,0.040000000000000036,7.655,7.6225000000000005,7.63875,14.594330142275304,17.34617096521994,-13.692104731300624,0,0,0,0,0,0,0,0,0,0,0,0,0,0,0,0,0,0,0,0,0,0
2025-07-09,7.63,7.75,7.61,7.69,140053196.0,7.75,7.61,0.13999999999999968,7.7325,7.61875,7.675625,15.256321706764858,16.3012463359924,-6.023949788818953,0,0,0,0,0,0,0,0,0,0,0,0,0,0,0,0,0,0,0,0,0,0
2025-07-10,7.69,7.73,7.67,7.69,93653697.0,7.73,7.67,0.0600000000000005,7.7225,7.67375,7.698125,19.418767507002833,17.860006921497614,9.562217227915538,0,0,0,0,0,0,0,0,0,0,0,0,0,0,0,0,0,0,0,0,0,0
2025-07-11,7.69,7.75,7.52,7.52,182301462.0,7.75,7.52,0.23000000000000043,7.7212499999999995,7.534375,7.627812499999999,8.739495798319354,13.299751359908484,-25.533335914333115,0,0,0,0,0,0,0,0,0,0,0,0,0,0,0,0,0,0,0,0,0,0
2025-07-14,7.59,7.69,7.58,7.63,139203245.0,7.69,7.58,0.11000000000000032,7.6762500000000005,7.586875,7.6315625,13.816526610644267,13.558138985276376,1.9428004206664327,0,0,0,0,0,0,0,0,0,0,0,0,0,0,0,0,0,0,0,0,0,0
2025-07-15,7.64,7.68,7.59,7.67,83919036.0,7.68,7.59,0.08999999999999986,7.668749999999999,7.595625,7.6321875,23.697478991596697,18.627808988436534,37.39207872603775,0,0,0,0,0,0,0,0,0,0,0,0,0,0,0,0,0,0,0,0,0,0
2025-07-16,7.66,7.7,7.62,7.64,51593500.0,7.7,7.62,0.08000000000000007,7.69,7.625,7.657500000000001,19.859943977591065,19.2438764830138,3.3072461445127432,0,0,0,0,0,0,0,0,0,0,0,0,0,0,0,0,0,0,0,0,0,0
2025-07-17,7.62,7.64,7.51,7.58,166326783.0,7.64,7.51,0.1299999999999999,7.623749999999999,7.5181249999999995,7.570937499999999,12.747800874735894,15.995838678874847,-16.878292723433002,0,0,0,0,0,0,0,0,0,0,0,0,0,0,0,0,0,0,0,0,0,0
2025-07-18,7.57,7.65,7.53,7.62,128213143.0,7.65,7.53,0.1200000000000001,7.635000000000001,7.5375000000000005,7.586250000000001,23.53358887414619,19.76471377651052,23.56159732101509,0,0,0,0,0,0,0,0,0,0,0,0,0,0,0,0,0,0,0,0,0,0
2025-07-21,7.63,7.64,7.58,7.59,96823000.0,7.64,7.58,0.05999999999999961,7.632499999999999,7.58375,7.608124999999999,19.843358395990002,19.80403608625026,0.19895208291088196,0,0,0,0,0,0,0,0,0,0,0,0,0,0,0,0,0,0,0,0,0,0
2025-07-22,7.59,7.61,7.56,7.58,111892926.0,7.61,7.56,0.05000000000000071,7.60375,7.563124999999999,7.5834375,11.248955722639955,15.526495904445108,-21.59933542423206,0,0,0,0,0,0,0,0,0,0,0,0,0,0,0,0,0,0,0,0,0,0
2025-07-23,7.58,7.64,7.55,7.58,127022366.0,7.64,7.55,0.08999999999999986,7.62875,7.555625,7.5921875,9.661654135338388,12.594075019891747,-18.886559482579923,0,0,0,0,0,0,0,0,0,0,0,0,0,0,0,0,0,0,0,0,0,0
2025-07-24,7.57,7.58,7.51,7.54,134514083.0,7.58,7.51,0.07000000000000028,7.57125,7.514374999999999,7.5428125,9.54051796157064,11.067296490731193,-12.122990586836105,0,0,0,0,0,0,0,0,0,0,0,0,0,0,0,0,0,0,0,0,0,0
2025-07-25,7.53,7.54,7.37,7.38,258691600.0,7.54,7.37,0.16999999999999993,7.51875,7.380625,7.4496875,3.3473354748373296,7.207315982784261,-34.877357005657586,1,1,1,0,0,0,0,0,0,0,0,0,0,0,0,0,0,0,0,0,0,0
2025-07-28,7.39,7.39,7.27,7.3,170494486.0,7.39,7.27,0.1200000000000001,7.375,7.2775,7.32625,1.8470014368210776,4.52715870980267,-37.18662091940388,1,0,0,0,0,0,0,0,0,0,0,0,0,0,0,0,0,0,0,0,0,0
2025-07-29,7.29,7.43,7.28,7.39,172525988.0,7.43,7.28,0.14999999999999947,7.41125,7.289375000000001,7.3503125,6.79241138840843,5.65978504910555,25.018480948114348,1,0,0,0,0,0,0,0,0,0,0,0,0,0,0,0,0,0,0,0,0,0
2025-07-30,7.39,7.52,7.36,7.49,137318969.0,7.52,7.36,0.15999999999999925,7.5,7.37,7.4350000000000005,14.77595048305865,10.217867766082101,80.53455524246264,1,0,0,0,0,1,0,0,0,1,0,0,0,0,0,0,0,0,0,0,0,0
2025-07-31,7.48,7.5,7.37,7.49,145750658.0,7.5,7.37,0.1299999999999999,7.48375,7.378125,7.4309375,22.672853233762577,16.445360499922337,60.9470867739374,0,0,0,0,1,0,0,0,0,1,0,0,0,0,0,0,0,0,0,0,0,0
2025-08-01,7.46,7.53,7.39,7.45,116100576.0,7.53,7.39,0.14000000000000057,7.5125,7.39875,7.4556249999999995,27.482329541468072,21.963845020695203,33.55648251553334,0,0,0,0,0,0,0,0,0,0,0,0,0,0,0,0,0,0,0,0,0,0
2025-08-04,7.43,7.47,7.39,7.4,82782472.0,7.47,7.39,0.08000000000000007,7.46,7.395,7.4275,27.548832087173317,24.75633855393426,12.714046791934013,0,0,0,0,0,0,0,0,0,0,0,0,0,0,0,0,0,0,0,0,0,0
2025-08-05,7.42,7.44,7.36,7.41,86671245.0,7.44,7.36,0.08000000000000007,7.430000000000001,7.365,7.397500000000001,24.279835390946594,24.51808697244043,-0.9623861823297294,0,0,0,0,0,0,0,0,0,0,0,0,0,0,0,0,0,0,0,0,0,0
2025-08-06,7.4,7.41,7.33,7.35,130896650.0,7.41,7.33,0.08000000000000007,7.4,7.335,7.3675,14.23868312757206,19.378385050006244,-20.962899463614228,0,0,0,0,0,0,0,0,0,0,0,0,0,0,0,0,0,0,0,0,0,0
2025-08-07,7.33,7.36,7.29,7.3,137409997.0,7.36,7.29,0.07000000000000028,7.35125,7.2943750000000005,7.3228125,5.267489711934182,12.322937380970213,-36.40885270278886,0,0,0,0,0,0,0,0,0,0,0,0,0,0,0,0,0,0,0,0,0,0
2025-08-08,7.3,7.43,7.3,7.38,125394024.0,7.43,7.3,0.1299999999999999,7.413749999999999,7.3081249999999995,7.3609374999999995,6.666666666666689,9.494802023818451,-22.95017226590091,1,0,0,0,0,0,0,0,0,0,0,0,0,0,0,0,0,0,0,0,0,0
2025-08-11,7.37,7.43,7.33,7.38,113446630.0,7.43,7.33,0.09999999999999964,7.4174999999999995,7.33625,7.376875,9.794238683127588,9.64452035347302,1.5768451967612218,1,0,0,0,0,0,0,0,0,0,0,0,0,0,0,0,0,0,0,0,0,0
2025-08-12,7.38,7.42,7.37,7.37,80265750.0,7.42,7.37,0.04999999999999982,7.41375,7.373125,7.3934375,8.971193415637888,9.307856884555454,-3.4907227791409277,1,0,0,0,0,0,0,0,0,0,0,0,0,0,0,0,0,0,0,0,0,0
2025-08-13,7.38,7.41,7.36,7.37,118473887.0,7.41,7.36,0.04999999999999982,7.4037500000000005,7.363125,7.3834375,11.111111111111168,10.20948399783331,9.686731590962982,1,0,0,0,0,0,0,0,0,0,0,0,0,0,0,0,0,0,0,0,0,0
2025-08-14,7.38,7.46,7.37,7.4,138714723.0,7.46,7.37,0.08999999999999986,7.44875,7.375625,7.4121875,17.20164609053506,13.705565044184185,34.2434646755196,0,0,0,1,1,0,0,0,0,1,1,0,0,0,0,0,0,0,0,0,0,0
2025-08-15,7.44,7.45,7.31,7.32,195903189.0,7.45,7.31,0.14000000000000057,7.4325,7.31875,7.375624999999999,11.769547325102966,12.737556184643577,-7.062889099573266,0,0,0,0,0,0,0,0,0,0,0,0,0,0,0,0,0,0,0,0,0,0
2025-08-18,7.33,7.49,7.31,7.47,251322742.0,7.49,7.31,0.1800000000000006,7.4675,7.32125,7.394375,16.29629629629636,14.516926240469969,13.969477582926029,0,0,0,0,0,0,0,0,0,0,0,0,0,0,0,0,0,0,0,0,0,0
2025-08-19,7.48,7.48,7.38,7.38,124982341.0,7.48,7.38,0.10000000000000053,7.4675,7.3862499999999995,7.426875,16.378600823045314,15.44776353175764,6.412082529514436,0,0,0,0,0,0,0,0,0,0,0,0,0,0,0,0,0,0,0,0,0,0
2025-08-20,7.38,7.39,7.31,7.38,112592973.0,7.39,7.31,0.08000000000000007,7.38,7.3149999999999995,7.3475,15.308641975308674,15.378202753533158,-0.4502967570773563,0,0,0,0,0,0,0,0,0,0,0,0,0,0,0,0,0,0,0,0,0,0
2025-08-21,7.38,7.54,7.36,7.53,223033079.0,7.54,7.36,0.17999999999999972,7.5175,7.37125,7.444375,22.469135802469165,18.92366927800116,23.0551422769701,0,0,0,0,0,0,0,0,0,0,0,0,0,0,0,0,0,0,0,0,0,0
2025-08-22,7.49,7.62,7.43,7.6,187594104.0,7.62,7.43,0.1900000000000004,7.59625,7.441875,7.5190625,36.2962962962963,27.60998278714873,45.90184589225222,0,0,0,0,0,0,0,0,0,0,0,0,0,0,0,0,0,0,0,0,0,0
2025-08-25,7.6,7.68,7.56,7.67,179585402.0,7.68,7.56,0.1200000000000001,7.665,7.5675,7.61625,41.069958847736636,34.33997081744268,24.37519821065037,0,0,0,0,0,0,0,0,0,0,0,0,0,0,0,0,0,0,0,0,0,0
2025-08-26,7.66,7.67,7.54,7.58,155984159.0,7.67,7.54,0.1299999999999999,7.65375,7.548125,7.6009375,48.105785524086194,41.22287817076444,20.04342807951847,0,0,0,0,0,0,0,0,0,0,0,0,0,0,0,0,0,0,0,0,0,0
2025-08-27,7.57,7.58,7.48,7.48,148019354.0,7.58,7.48,0.09999999999999964,7.5675,7.48625,7.526875,48.6201888162673,44.92153349351587,8.972336447323906,0,0,0,0,0,0,0,0,0,0,0,0,0,0,0,0,0,0,0,0,0,0
2025-08-28,7.48,7.59,7.48,7.58,145050520.0,7.59,7.48,0.10999999999999943,7.57625,7.486875,7.5315625,48.34059549745827,46.63106449548707,3.8055935962603766,0,0,0,0,0,0,0,0,0,0,0,0,0,0,0,0,0,0,0,0,0,0
2025-08-29,7.56,7.62,7.54,7.61,123704506.0,7.62,7.54,0.08000000000000007,7.61,7.545,7.577500000000001,48.55603969983062,47.59355209765884,2.064048103094292,0,0,0,0,0,0,0,0,0,0,0,0,0,0,0,0,0,0,0,0,0,0
2025-09-01,7.65,7.66,7.55,7.58,134732136.0,7.66,7.55,0.11000000000000032,7.64625,7.556875,7.6015625,43.75211813120315,45.672835114430995,-4.035666384569622,0,0,0,0,0,0,0,0,0,0,0,0,0,0,0,0,0,0,0,0,0,0
2025-09-02,7.56,7.64,7.53,7.62,154969903.0,7.64,7.53,0.10999999999999943,7.62625,7.536875,7.5815625,45.76857903655298,45.72070707549199,0.10481495388024557,0,0,0,0,0,0,0,0,0,0,0,0,0,0,0,0,0,0,0,0,0,0
2025-09-03,7.61,7.62,7.51,7.58,111745257.0,7.62,7.51,0.11000000000000032,7.60625,7.516875,7.5615625,52.35294117647061,49.0368241259813,7.252987240582011,0,0,0,0,0,0,0,0,0,0,0,0,0,0,0,0,0,0,0,0,0,0
2025-09-04,7.4,7.48,7.23,7.4,194664566.0,7.48,7.23,0.25,7.44875,7.245625,7.3471875,39.35185185185186,44.19433798891658,-9.875203427986708,0,0,0,0,0,0,0,0,0,0,0,0,0,0,0,0,0,0,0,0,0,0
2025-09-05,7.36,7.39,7.23,7.26,162035221.0,7.39,7.23,0.15999999999999925,7.37,7.24,7.305,18.932461873638303,31.56339993127744,-28.58044408495683,0,0,0,0,0,0,0,0,0,0,0,0,0,0,0,0,0,0,0,0,0,0
2025-09-08,7.26,7.34,7.2,7.27,181455397.0,7.34,7.2,0.13999999999999968,7.3225,7.20875,7.265625,11.05490196078425,21.309150946030847,-32.487783342646956,0,0,0,0,0,0,0,0,0,0,0,0,0,0,0,0,0,0,0,0,0,0
2025-09-09,7.25,7.26,7.18,7.2,108897047.0,7.26,7.18,0.08000000000000007,7.25,7.185,7.217499999999999,-0.7583465818760118,10.275402182077418,-51.779391829821506,1,1,1,0,0,0,0,0,0,0,0,0,0,0,0,0,0,0,0,0,0,0
2025-09-10,7.21,7.37,7.18,7.29,185493198.0,7.37,7.18,0.1900000000000004,7.34625,7.191875,7.2690625,-3.2568711934440913,3.5092654943166632,-65.84790130708849,1,0,0,0,0,0,0,0,0,0,0,0,0,0,0,0,0,0,0,0,0,0
2025-09-11,7.25,7.33,7.22,7.33,148599670.0,7.33,7.22,0.11000000000000032,7.31625,7.226875,7.2715625,6.94905330276174,5.229159398539202,49.010082223985236,1,0,0,0,0,0,0,0,0,0,0,0,0,0,0,0,0,0,0,0,0,0
2025-09-12,7.32,7.36,7.23,7.23,139208205.0,7.36,7.23,0.1299999999999999,7.34375,7.238125,7.2909375,12.792102297572242,9.010630848055722,72.31509237551447,1,0,0,0,0,1,0,0,0,1,1,0,0,0,0,0,0,0,0,0,0,0
2025-09-15,7.22,7.23,7.12,7.13,158140601.0,7.23,7.12,0.11000000000000032,7.2162500000000005,7.126875,7.1715625,8.695129258663705,8.852880053359714,-1.7507186495166145,1,0,0,0,0,0,0,0,0,0,0,0,0,0,0,0,0,0,0,0,0,0
2025-09-16,7.13,7.15,6.98,7.0,191824317.0,7.15,6.98,0.16999999999999993,7.12875,6.9906250000000005,7.059687500000001,9.153160174759051,9.003020114059382,1.695945949732923,1,0,0,0,0,0,0,0,0,0,0,0,0,0,0,0,0,0,0,0,0,0
2025-09-17,7.01,7.03,6.92,6.95,158317433.0,7.03,6.92,0.11000000000000032,7.01625,6.926875,6.9715625,4.441117575759936,6.722068844909659,-25.335401234833654,1,0,0,0,0,0,0,0,0,0,0,0,0,0,0,0,0,0,0,0,0,0
2025-09-18,6.95,6.95,6.75,6.77,188444698.0,6.95,6.75,0.20000000000000018,6.925,6.7625,6.84375,-3.726886453113684,1.4975911958979875,-77.72127554105533,1,0,0,0,0,0,0,0,0,0,0,0,0,0,0,0,0,0,0,0,0,0
2025-09-19,6.78,6.81,6.74,6.78,106318151.0,6.81,6.74,0.0699999999999994,6.80125,6.744375,6.7728125,-1.1824726960466947,0.1575592499256464,-89.47915490173735,1,0,0,0,0,0,0,0,0,0,0,0,0,0,0,0,0,0,0,0,0,0
2025-09-22,6.78,6.79,6.68,6.73,101838837.0,6.79,6.68,0.11000000000000032,6.77625,6.686875,6.7315625,3.6486143773183057,1.903086813621976,1107.8547051474666,1,0,0,0,0,0,0,1,0,1,1,0,0,0,0,0,0,0,0,0,0,0
2025-09-23,6.72,6.76,6.65,6.69,116531311.0,6.76,6.65,0.10999999999999943,6.74625,6.656875,6.7015625,4.275186132149252,3.089136472885614,62.32241486694635,1,0,0,0,0,0,1,0,0,1,1,0,0,0,0,0,0,0,0,0,0,0
2025-09-24,6.66,6.74,6.63,6.72,97402531.0,6.74,6.63,0.11000000000000032,6.72625,6.636875,6.6815625,5.794518565033045,4.44182751895933,43.788646372432495,1,0,0,0,0,0,0,0,0,0,0,0,0,0,0,0,0,0,0,0,0,0
2025-09-25,6.72,6.72,6.65,6.69,89006454.0,6.72,6.65,0.0699999999999994,6.71125,6.654375,6.6828125,6.622978993493511,5.53240325622642,24.55241075012746,1,0,0,0,0,0,0,0,0,0,0,0,0,0,0,0,0,0,0,0,0,0
2025-09-26,6.68,6.7,6.65,6.67,73419624.0,6.7,6.65,0.04999999999999982,6.6937500000000005,6.653125,6.6734375,5.476485318758879,5.50444428749265,-0.5053675127948086,1,0,0,0,0,0,0,0,0,0,0,0,0,0,0,0,0,0,0,0,0,0
2025-09-29,6.67,6.7,6.57,6.66,167018140.0,6.7,6.57,0.1299999999999999,6.68375,6.578125,6.6309375,6.594605509855649,6.049524898674149,9.902554785049727,1,0,0,0,0,1,0,0,0,1,0,0,0,0,0,0,0,0,0,0,0,0
2025-09-30,6.65,6.68,6.61,6.66,108068044.0,6.68,6.61,0.0699999999999994,6.67125,6.614375,6.6428125,8.20516646670396,7.127345682689054,17.816618694323026,1,0,0,0,0,0,0,0,0,0,0,0,0,0,0,0,0,0,0,0,0,0
2025-10-09,6.66,6.77,6.64,6.76,142092929.0,6.77,6.64,0.1299999999999999,6.753749999999999,6.648124999999999,6.700937499999999,11.427162093732262,9.277253888210659,30.164219630083565,1,0,0,0,0,0,0,0,0,0,0,0,0,0,0,0,0,0,0,0,0,0
2025-10-10,6.74,6.8,6.71,6.76,103390700.0,6.8,6.71,0.08999999999999986,6.78875,6.715625,6.7521875,15.127197953060119,12.202225920635389,31.52842498082028,0,0,0,0,1,0,0,0,0,1,0,0,0,0,0,0,0,0,0,0,0,0
2025-10-13,6.7,6.87,6.63,6.83,191583842.0,6.87,6.63,0.2400000000000002,6.84,6.645,6.7425,21.53473031853643,16.86847811958591,38.24099167889805,0,0,0,0,0,0,0,0,0,0,0,0,0,0,0,0,0,0,0,0,0,0
2025-10-14,6.83,6.86,6.78,6.84,125867700.0,6.86,6.78,0.08000000000000007,6.8500000000000005,6.785,6.817500000000001,24.976590187077292,20.9225341533316,24.033324197981717,0,0,0,0,0,0,0,0,0,0,0,0,0,0,0,0,0,0,0,0,0,0
2025-10-15,6.84,6.88,6.77,6.8,110607166.0,6.88,6.77,0.11000000000000032,6.86625,6.7768749999999995,6.8215625,26.12346860134467,23.523001377338133,12.429026068013119,0,0,0,0,0,0,0,0,0,0,0,0,0,0,0,0,0,0,0,0,0,0
2025-10-16,6.79,6.85,6.78,6.83,105666448.0,6.85,6.78,0.0699999999999994,6.84125,6.784375,6.8128125,25.184299343591356,24.353650360464744,3.531220229093944,0,0,0,0,0,0,0,0,0,0,0,0,0,0,0,0,0,0,0,0,0,0
2025-10-17,6.83,6.95,6.82,6.91,191333530.0,6.95,6.82,0.1299999999999999,6.93375,6.828125,6.8809375,28.94894894894893,26.65129965470684,9.434517044607226,0,0,0,0,0,0,0,0,0,0,0,0,0,0,0,0,0,0,0,0,0,0
2025-10-20,6.92,6.94,6.81,6.85,131271452.0,6.94,6.81,0.13000000000000078,6.92375,6.818124999999999,6.8709375,27.147147147147116,26.899223400926978,0.9302501170007776,0,0,0,0,0,0,0,0,0,0,0,0,0,0,0,0,0,0,0,0,0,0
2025-10-21,6.85,6.89,6.81,6.82,101661111.0,6.89,6.81,0.08000000000000007,6.88,6.8149999999999995,6.8475,24.26426426426425,25.581743832595613,-4.897834962350485,0,0,0,0,0,0,0,0,0,0,0,0,0,0,0,0,0,0,0,0,0,0
2025-10-22,6.82,6.9,6.8,6.86,131408306.0,6.9,6.8,0.10000000000000053,6.8875,6.8062499999999995,6.846875,26.786786786786813,26.184265309691213,2.355279143745791,0,0,0,0,0,0,0,0,0,0,0,0,0,0,0,0,0,0,0,0,0,0
2025-10-23,6.85,6.91,6.83,6.9,119280500.0,6.91,6.83,0.08000000000000007,6.9,6.835,6.8675,29.249249249249267,27.71675727947024,5.8527209056800515,0,0,0,0,0,0,0,0,0,0,0,0,0,0,0,0,0,0,0,0,0,0
2025-10-24,6.9,6.92,6.86,6.87,83561383.0,6.92,6.86,0.05999999999999961,6.9125,6.8637500000000005,6.8881250000000005,26.00600600600601,26.861381642738124,-3.0861317148586203,0,0,0,0,0,0,0,0,0,0,0,0,0,0,0,0,0,0,0,0,0,0
2025-10-27,6.87,6.91,6.84,6.89,103612209.0,6.91,6.84,0.07000000000000028,6.90125,6.844374999999999,6.8728125,27.327327327327332,27.094354485032728,0.8673151865127064,0,0,0,0,0,0,0,0,0,0,0,0,0,0,0,0,0,0,0,0,0,0
2025-10-28,6.89,6.91,6.84,6.88,88241600.0,6.91,6.84,0.07000000000000028,6.90125,6.844374999999999,6.8728125,29.84984984984984,28.472102167441285,5.084999102560806,0,0,0,0,0,0,0,0,0,0,0,0,0,0,0,0,0,0,0,0,0,0
2025-10-29,6.88,6.89,6.83,6.85,84339700.0,6.89,6.83,0.05999999999999961,6.882499999999999,6.83375,6.858124999999999,28.228228228228197,28.35016519783474,-0.4282682356555423,0,0,0,0,0,0,0,0,0,0,0,0,0,0,0,0,0,0,0,0,0,0
2025-10-30,6.86,6.91,6.83,6.84,113380491.0,6.91,6.83,0.08000000000000007,6.9,6.835,6.8675,25.105105105105046,26.727635151469894,-5.723176690655647,0,0,0,0,0,0,0,0,0,0,0,0,0,0,0,0,0,0,0,0,0,0
2025-10-31,6.86,6.86,6.69,6.69,158955956.0,6.86,6.69,0.16999999999999993,6.83875,6.7006250000000005,6.7696875,18.37837837837835,22.55300676492412,-15.6191461118332,0,0,0,0,0,0,0,0,0,0,0,0,0,0,0,0,0,0,0,0,0,0
2025-11-03,6.7,6.74,6.68,6.74,85668497.0,6.74,6.68,0.0600000000000005,6.7325,6.68375,6.708125,14.954954954954935,18.753980859939528,-16.844875473070317,0,0,0,0,0,0,0,0,0,0,0,0,0,0,0,0,0,0,0,0,0,0
2025-11-04,6.73,6.78,6.69,6.75,96303859.0,6.78,6.69,0.08999999999999986,6.768750000000001,6.695625000000001,6.7321875,13.453453453453449,16.10371715669649,-14.131739405281571,0,0,0,0,0,0,0,0,0,0,0,0,0,0,0,0,0,0,0,0,0,0
2025-11-05,6.73,6.76,6.69,6.74,73378200.0,6.76,6.69,0.0699999999999994,6.75125,6.694375,6.7228125,12.192192192192202,14.147954674444346,-12.144789077091245,0,0,0,0,0,0,0,0,0,0,0,0,0,0,0,0,0,0,0,0,0,0
2025-11-06,6.74,6.78,6.72,6.76,82041039.0,6.78,6.72,0.0600000000000005,6.7725,6.72375,6.748125,11.711711711711708,12.929833193078027,-8.609876900204025,0,0,0,0,0,0,0,0,0,0,0,0,0,0,0,0,0,0,0,0,0,0
2025-11-07,6.76,6.87,6.75,6.86,104691809.0,6.87,6.75,0.1200000000000001,6.855,6.7575,6.80625,21.141141141141134,17.03548716710958,31.753340609448156,0,0,0,0,0,0,0,0,0,0,0,0,0,0,0,0,0,0,0,0,0,0
2025-11-10,6.86,6.9,6.84,6.89,81576100.0,6.9,6.84,0.0600000000000005,6.8925,6.84375,6.868125,26.366366366366343,21.70092676673796,27.38659337336679,0,0,0,0,0,0,0,0,0,0,0,0,0,0,0,0,0,0,0,0,0,0
2025-11-11,6.88,6.9,6.84,6.88,66035437.0,6.9,6.84,0.0600000000000005,6.8925,6.84375,6.868125,27.987987987987957,24.844457377362957,14.48569752073093,0,0,0,0,0,0,0,0,0,0,0,0,0,0,0,0,0,0,0,0,0,0
2025-11-12,6.89,6.95,6.86,6.9,109010581.0,6.95,6.86,0.08999999999999986,6.938750000000001,6.8656250000000005,6.9021875,31.351351351351354,28.097904364357156,13.095262808833082,0,0,0,0,0,0,0,0,0,0,0,0,0,0,0,0,0,0,0,0,0,0
2025-11-13,6.9,6.9,6.79,6.84,110118402.0,6.9,6.79,0.11000000000000032,6.88625,6.796875,6.8415625,31.23123123123122,29.664567797794188,5.575730535350462,0,0,0,0,0,0,0,0,0,0,0,0,0,0,0,0,0,0,0,0,0,0
